COUNTA of No,,Category,,,,,,,,,
Namespace,Variable,Category,KS1 + KS2 Ages 3 to 11 Mixed sex,KS1 only Ages 3 to 7 Mixed sex,KS2 Ages 7 to 11 Mixed sex,KS4 + KS5  Ages 11 to 18 Mixed sex,KS4 Ages 11 to 16 Mixed sex,Private Ages 10 to 19 Mixed sex ,Private Ages 2 to 11 Mixed sex,Private Ages 4 to 18 Mixed sex,Grand Total
ABS_24,EDITION,,1,1,1,1,1,,,,5
,ESTAB,,1,1,1,1,1,,,,5
,LA,,1,1,1,1,1,,,,5
,PERCTOT,,1,1,1,1,1,,,,5
,PPERSABS10,,1,1,1,1,1,,,,5
,URN,,1,1,1,1,1,,,,5
ABS_24 Total,,,6,6,6,6,6,,,,30
CENSUS_25,EDITION,,1,1,1,1,1,1,1,1,8
,ESTAB,,1,1,1,1,1,1,1,1,8
,LA,,1,1,1,1,1,1,1,1,8
,NOR,,1,1,1,1,1,1,1,1,8
,NORB,,1,1,1,1,1,1,1,1,8
,NORFSMEVER,,1,1,1,1,1,,,,5
,NORG,,1,1,1,1,1,1,1,1,8
,NUMEAL,,1,1,1,1,1,1,1,1,8
,NUMENGFL,,1,1,1,1,1,1,1,1,8
,NUMFSM,,1,1,1,1,1,1,1,1,8
,NUMFSMEVER,,1,1,1,1,1,,,,5
,NUMUNCFL,,1,1,1,1,1,1,1,1,8
,PNORB,,1,1,1,1,1,1,1,1,8
,PNORG,,1,1,1,1,1,1,1,1,8
,PNUMEAL,,1,1,1,1,1,1,1,1,8
,PNUMENGFL,,1,1,1,1,1,1,1,1,8
,PNUMFSMEVER,,1,1,1,1,1,1,1,1,8
,PNUMUNCLF,,1,1,1,1,1,1,1,1,8
,PSENELK,,1,1,1,1,1,1,1,1,8
,PSENELSE,,1,1,1,1,1,1,1,1,8
,SCHOOLTYPE,,1,1,1,1,1,1,1,1,8
,TSENELK,,1,1,1,1,1,1,1,1,8
,TSENELSE,,1,1,1,1,1,1,1,1,8
,URN,,1,1,1,1,1,1,1,1,8
CENSUS_25 Total,,,24,24,24,24,24,22,22,22,186
KS2_25,ADDRESS1,,1,,1,,,,,,2
,ADDRESS2,,1,,1,,,,,,2
,ADDRESS3,,1,,1,,,,,,2
,AGERANGE,,1,,1,,,,,,2
,ALPHAIND,,1,,1,,,,,,2
,BELIG,,1,,1,,,,,,2
,DIFFN_MATPROG,,1,,1,,,,,,2
,DIFFN_READPROG,,1,,1,,,,,,2
,DIFFN_RWM_EXP,,1,,1,,,,,,2
,DIFFN_RWM_HIGH,,1,,1,,,,,,2
,DIFFN_WRITPROG,,1,,1,,,,,,2
,EDITION,,1,,1,,,,,,2
,ESTAB,,1,,1,,,,,,2
,GELIG,,1,,1,,,,,,2
,GPS_AVERAGE,,1,,1,,,,,,2
,GPS_AVERAGE_B,,1,,1,,,,,,2
,GPS_AVERAGE_EAL,,1,,1,,,,,,2
,GPS_AVERAGE_FSM6CLA1A,,1,,1,,,,,,2
,GPS_AVERAGE_G,,1,,1,,,,,,2
,GPS_AVERAGE_H,,1,,1,,,,,,2
,GPS_AVERAGE_L,,1,,1,,,,,,2
,GPS_AVERAGE_M,,1,,1,,,,,,2
,GPS_AVERAGE_MOBN,,1,,1,,,,,,2
,GPS_AVERAGE_NOTFSM6CLA1A,,1,,1,,,,,,2
,ICLOSE,,1,,1,,,,,,2
,LEA,,1,,1,,,,,,2
,MAT_AVERAGE,,1,,1,,,,,,2
,MAT_AVERAGE_23,,1,,1,,,,,,2
,MAT_AVERAGE_24,,1,,1,,,,,,2
,MAT_AVERAGE_3YR,,1,,1,,,,,,2
,MAT_AVERAGE_B,,1,,1,,,,,,2
,MAT_AVERAGE_EAL,,1,,1,,,,,,2
,MAT_AVERAGE_FSM6CLA1A,,1,,1,,,,,,2
,MAT_AVERAGE_G,,1,,1,,,,,,2
,MAT_AVERAGE_H,,1,,1,,,,,,2
,MAT_AVERAGE_L,,1,,1,,,,,,2
,MAT_AVERAGE_M,,1,,1,,,,,,2
,MAT_AVERAGE_MOBN,,1,,1,,,,,,2
,MAT_AVERAGE_NOTFSM6CLA1A,,1,,1,,,,,,2
,MATCOV,,1,,1,,,,,,2
,MATPROG,,1,,1,,,,,,2
,MATPROG_23,,1,,1,,,,,,2
,MATPROG_24,,1,,1,,,,,,2
,MATPROG_B,,1,,1,,,,,,2
,MATPROG_B_LOWER,,1,,1,,,,,,2
,MATPROG_B_UPPER,,1,,1,,,,,,2
,MATPROG_DESCR,,1,,1,,,,,,2
,MATPROG_DESCR_23,,1,,1,,,,,,2
,MATPROG_EAL,,1,,1,,,,,,2
,MATPROG_EAL_LOWER,,1,,1,,,,,,2
,MATPROG_EAL_UPPER,,1,,1,,,,,,2
,MATPROG_FSM6CLA1A,,1,,1,,,,,,2
,MATPROG_FSM6CLA1A_LOWER,,1,,1,,,,,,2
,MATPROG_FSM6CLA1A_UPPER,,1,,1,,,,,,2
,MATPROG_G,,1,,1,,,,,,2
,MATPROG_G_LOWER,,1,,1,,,,,,2
,MATPROG_G_UPPER,,1,,1,,,,,,2
,MATPROG_H,,1,,1,,,,,,2
,MATPROG_H_LOWER,,1,,1,,,,,,2
,MATPROG_H_UPPER,,1,,1,,,,,,2
,MATPROG_L,,1,,1,,,,,,2
,MATPROG_L_LOWER,,1,,1,,,,,,2
,MATPROG_L_UPPER,,1,,1,,,,,,2
,MATPROG_LOWER,,1,,1,,,,,,2
,MATPROG_LOWER_23,,1,,1,,,,,,2
,MATPROG_LOWER_24,,1,,1,,,,,,2
,MATPROG_M,,1,,1,,,,,,2
,MATPROG_M_LOWER,,1,,1,,,,,,2
,MATPROG_M_UPPER,,1,,1,,,,,,2
,MATPROG_MOBN,,1,,1,,,,,,2
,MATPROG_MOBN_LOWER,,1,,1,,,,,,2
,MATPROG_MOBN_UPPER,,1,,1,,,,,,2
,MATPROG_NOTFSM6CLA1A,,1,,1,,,,,,2
,MATPROG_NOTFSM6CLA1A_LOWER,,1,,1,,,,,,2
,MATPROG_NOTFSM6CLA1A_UPPER,,1,,1,,,,,,2
,MATPROG_UNADJUSTED,,1,,1,,,,,,2
,MATPROG_UPPER,,1,,1,,,,,,2
,MATPROG_UPPER_23,,1,,1,,,,,,2
,MATPROG_UPPER_24,,1,,1,,,,,,2
,NFTYPE,,1,,1,,,,,,2
,OPEN_AC,,1,,1,,,,,,2
,PBELIG,,1,,1,,,,,,2
,PCODE,,1,,1,,,,,,2
,PCON_CODE,,1,,1,,,,,,2
,PCON_NAME,,1,,1,,,,,,2
,PGELIG,,1,,1,,,,,,2
,PSENELE,,1,,1,,,,,,2
,PSENELEK,,1,,1,,,,,,2
,PSENELK,,1,,1,,,,,,2
,PTEALGRP1,,1,,1,,,,,,2
,PTEALGRP2,,1,,1,,,,,,2
,PTEALGRP3,,1,,1,,,,,,2
,PTFSM6CLA1A,,1,,1,,,,,,2
,PTFSM6CLA1A_23,,1,,1,,,,,,2
,PTFSM6CLA1A_24,,1,,1,,,,,,2
,PTGPS_AT,,1,,1,,,,,,2
,PTGPS_EXP,,1,,1,,,,,,2
,PTGPS_EXP_FSM6CLA1A,,1,,1,,,,,,2
,PTGPS_EXP_H,,1,,1,,,,,,2
,PTGPS_EXP_L,,1,,1,,,,,,2
,PTGPS_EXP_M,,1,,1,,,,,,2
,PTGPS_EXP_NOTFSM6CLA1A,,1,,1,,,,,,2
,PTGPS_HIGH,,1,,1,,,,,,2
,PTGPS_HIGH_FSM6CLA1A,,1,,1,,,,,,2
,PTGPS_HIGH_H,,1,,1,,,,,,2
,PTGPS_HIGH_L,,1,,1,,,,,,2
,PTGPS_HIGH_M,,1,,1,,,,,,2
,PTGPS_HIGH_NOTFSM6CLA1A,,1,,1,,,,,,2
,PTKS1GROUP_H,,1,,1,,,,,,2
,PTKS1GROUP_L,,1,,1,,,,,,2
,PTKS1GROUP_M,,1,,1,,,,,,2
,PTKS1GROUP_NA,,1,,1,,,,,,2
,PTMAT_AT,,1,,1,,,,,,2
,PTMAT_EXP,,1,,1,,,,,,2
,PTMAT_EXP_FSM6CLA1A,,1,,1,,,,,,2
,PTMAT_EXP_H,,1,,1,,,,,,2
,PTMAT_EXP_L,,1,,1,,,,,,2
,PTMAT_EXP_M,,1,,1,,,,,,2
,PTMAT_EXP_NOTFSM6CLA1A,,1,,1,,,,,,2
,PTMAT_HIGH,,1,,1,,,,,,2
,PTMAT_HIGH_FSM6CLA1A,,1,,1,,,,,,2
,PTMAT_HIGH_H,,1,,1,,,,,,2
,PTMAT_HIGH_L,,1,,1,,,,,,2
,PTMAT_HIGH_M,,1,,1,,,,,,2
,PTMAT_HIGH_NOTFSM6CLA1A,,1,,1,,,,,,2
,PTMOBN,,1,,1,,,,,,2
,PTNOTFSM6CLA1A,,1,,1,,,,,,2
,PTNOTFSM6CLA1A_23,,1,,1,,,,,,2
,PTNOTFSM6CLA1A_24,,1,,1,,,,,,2
,PTREAD_AT,,1,,1,,,,,,2
,PTREAD_EXP,,1,,1,,,,,,2
,PTREAD_EXP_FSM6CLA1A,,1,,1,,,,,,2
,PTREAD_EXP_H,,1,,1,,,,,,2
,PTREAD_EXP_L,,1,,1,,,,,,2
,PTREAD_EXP_M,,1,,1,,,,,,2
,PTREAD_EXP_NOTFSM6CLA1A,,1,,1,,,,,,2
,PTREAD_HIGH,,1,,1,,,,,,2
,PTREAD_HIGH_FSM6CLA1A,,1,,1,,,,,,2
,PTREAD_HIGH_H,,1,,1,,,,,,2
,PTREAD_HIGH_L,,1,,1,,,,,,2
,PTREAD_HIGH_M,,1,,1,,,,,,2
,PTREAD_HIGH_NOTFSM6CLA1A,,1,,1,,,,,,2
,PTRWM_EXP,,1,,1,,,,,,2
,PTRWM_EXP_23,,1,,1,,,,,,2
,PTRWM_EXP_24,,1,,1,,,,,,2
,PTRWM_EXP_3YR,,1,,1,,,,,,2
,PTRWM_EXP_B,,1,,1,,,,,,2
,PTRWM_EXP_EAL,,1,,1,,,,,,2
,PTRWM_EXP_FSM6CLA1A,,1,,1,,,,,,2
,PTRWM_EXP_FSM6CLA1A_23,,1,,1,,,,,,2
,PTRWM_EXP_FSM6CLA1A_24,,1,,1,,,,,,2
,PTRWM_EXP_G,,1,,1,,,,,,2
,PTRWM_EXP_H,,1,,1,,,,,,2
,PTRWM_EXP_L,,1,,1,,,,,,2
,PTRWM_EXP_M,,1,,1,,,,,,2
,PTRWM_EXP_MOBN,,1,,1,,,,,,2
,PTRWM_EXP_NOTFSM6CLA1A,,1,,1,,,,,,2
,PTRWM_EXP_NOTFSM6CLA1A_23,,1,,1,,,,,,2
,PTRWM_EXP_NOTFSM6CLA1A_24,,1,,1,,,,,,2
,PTRWM_HIGH,,1,,1,,,,,,2
,PTRWM_HIGH_23,,1,,1,,,,,,2
,PTRWM_HIGH_24,,1,,1,,,,,,2
,PTRWM_HIGH_3YR,,1,,1,,,,,,2
,PTRWM_HIGH_B,,1,,1,,,,,,2
,PTRWM_HIGH_EAL,,1,,1,,,,,,2
,PTRWM_HIGH_FSM6CLA1A,,1,,1,,,,,,2
,PTRWM_HIGH_FSM6CLA1A_23,,1,,1,,,,,,2
,PTRWM_HIGH_FSM6CLA1A_24,,1,,1,,,,,,2
,PTRWM_HIGH_G,,1,,1,,,,,,2
,PTRWM_HIGH_H,,1,,1,,,,,,2
,PTRWM_HIGH_L,,1,,1,,,,,,2
,PTRWM_HIGH_M,,1,,1,,,,,,2
,PTRWM_HIGH_MOBN,,1,,1,,,,,,2
,PTRWM_HIGH_NOTFSM6CLA1A,,1,,1,,,,,,2
,PTRWM_HIGH_NOTFSM6CLA1A_23,,1,,1,,,,,,2
,PTRWM_HIGH_NOTFSM6CLA1A_24,,1,,1,,,,,,2
,PTSCITA_AD,,1,,1,,,,,,2
,PTSCITA_EXP,,1,,1,,,,,,2
,PTWRITTA_AD,,1,,1,,,,,,2
,PTWRITTA_EXP,,1,,1,,,,,,2
,PTWRITTA_EXP_FSM6CLA1A,,1,,1,,,,,,2
,PTWRITTA_EXP_H,,1,,1,,,,,,2
,PTWRITTA_EXP_L,,1,,1,,,,,,2
,PTWRITTA_EXP_M,,1,,1,,,,,,2
,PTWRITTA_EXP_NOTFSM6CLA1A,,1,,1,,,,,,2
,PTWRITTA_HIGH,,1,,1,,,,,,2
,PTWRITTA_HIGH_FSM6CLA1A,,1,,1,,,,,,2
,PTWRITTA_HIGH_H,,1,,1,,,,,,2
,PTWRITTA_HIGH_L,,1,,1,,,,,,2
,PTWRITTA_HIGH_M,,1,,1,,,,,,2
,PTWRITTA_HIGH_NOTFSM6CLA1A,,1,,1,,,,,,2
,PTWRITTA_WTS,,1,,1,,,,,,2
,READ_AVERAGE,,1,,1,,,,,,2
,READ_AVERAGE_23,,1,,1,,,,,,2
,READ_AVERAGE_24,,1,,1,,,,,,2
,READ_AVERAGE_3YR,,1,,1,,,,,,2
,READ_AVERAGE_B,,1,,1,,,,,,2
,READ_AVERAGE_EAL,,1,,1,,,,,,2
,READ_AVERAGE_FSM6CLA1A,,1,,1,,,,,,2
,READ_AVERAGE_G,,1,,1,,,,,,2
,READ_AVERAGE_H,,1,,1,,,,,,2
,READ_AVERAGE_L,,1,,1,,,,,,2
,READ_AVERAGE_M,,1,,1,,,,,,2
,READ_AVERAGE_MOBN,,1,,1,,,,,,2
,READ_AVERAGE_NOTFSM6CLA1A,,1,,1,,,,,,2
,READCOV,,1,,1,,,,,,2
,READPROG,,1,,1,,,,,,2
,READPROG_23,,1,,1,,,,,,2
,READPROG_24,,1,,1,,,,,,2
,READPROG_B,,1,,1,,,,,,2
,READPROG_B_LOWER,,1,,1,,,,,,2
,READPROG_B_UPPER,,1,,1,,,,,,2
,READPROG_DESCR,,1,,1,,,,,,2
,READPROG_DESCR_23,,1,,1,,,,,,2
,READPROG_EAL,,1,,1,,,,,,2
,READPROG_EAL_LOWER,,1,,1,,,,,,2
,READPROG_EAL_UPPER,,1,,1,,,,,,2
,READPROG_FSM6CLA1A,,1,,1,,,,,,2
,READPROG_FSM6CLA1A_LOWER,,1,,1,,,,,,2
,READPROG_FSM6CLA1A_UPPER,,1,,1,,,,,,2
,READPROG_G,,1,,1,,,,,,2
,READPROG_G_LOWER,,1,,1,,,,,,2
,READPROG_G_UPPER,,1,,1,,,,,,2
,READPROG_H,,1,,1,,,,,,2
,READPROG_H_LOWER,,1,,1,,,,,,2
,READPROG_H_UPPER,,1,,1,,,,,,2
,READPROG_L,,1,,1,,,,,,2
,READPROG_L_LOWER,,1,,1,,,,,,2
,READPROG_L_UPPER,,1,,1,,,,,,2
,READPROG_LOWER,,1,,1,,,,,,2
,READPROG_LOWER_23,,1,,1,,,,,,2
,READPROG_LOWER_24,,1,,1,,,,,,2
,READPROG_M,,1,,1,,,,,,2
,READPROG_M_LOWER,,1,,1,,,,,,2
,READPROG_M_UPPER,,1,,1,,,,,,2
,READPROG_MOBN,,1,,1,,,,,,2
,READPROG_MOBN_LOWER,,1,,1,,,,,,2
,READPROG_MOBN_UPPER,,1,,1,,,,,,2
,READPROG_NOTFSM6CLA1A,,1,,1,,,,,,2
,READPROG_NOTFSM6CLA1A_LOWER,,1,,1,,,,,,2
,READPROG_NOTFSM6CLA1A_UPPER,,1,,1,,,,,,2
,READPROG_UNADJUSTED,,1,,1,,,,,,2
,READPROG_UPPER,,1,,1,,,,,,2
,READPROG_UPPER_23,,1,,1,,,,,,2
,READPROG_UPPER_24,,1,,1,,,,,,2
,RECTYPE,,1,,1,,,,,,2
,RELDENOM,,1,,1,,,,,,2
,SCHNAME,,1,,1,,,,,,2
,SCHNAME_AC,,1,,1,,,,,,2
,TAB15,,1,,1,,,,,,2
,TAB1618,,1,,1,,,,,,2
,TEALGRP1,,1,,1,,,,,,2
,TEALGRP2,,1,,1,,,,,,2
,TEALGRP3,,1,,1,,,,,,2
,TELIG,,1,,1,,,,,,2
,TELIG_23,,1,,1,,,,,,2
,TELIG_24,,1,,1,,,,,,2
,TELIG_3YR,,1,,1,,,,,,2
,TELNUM,,1,,1,,,,,,2
,TFSM6CLA1A,,1,,1,,,,,,2
,TKS1AVERAGE,,1,,1,,,,,,2
,TKS1GROUP_H,,1,,1,,,,,,2
,TKS1GROUP_L,,1,,1,,,,,,2
,TKS1GROUP_M,,1,,1,,,,,,2
,TKS1GROUP_NA,,1,,1,,,,,,2
,TMOBN,,1,,1,,,,,,2
,TNOTFSM6CLA1A,,1,,1,,,,,,2
,TOTPUPS,,1,,1,,,,,,2
,TOWN,,1,,1,,,,,,2
,TPUPYEAR,,1,,1,,,,,,2
,TSENELE,,1,,1,,,,,,2
,TSENELEK,,1,,1,,,,,,2
,TSENELK,,1,,1,,,,,,2
,URN,,1,,1,,,,,,2
,URN_AC,,1,,1,,,,,,2
,WRITCOV,,1,,1,,,,,,2
,WRITPROG,,1,,1,,,,,,2
,WRITPROG_23,,1,,1,,,,,,2
,WRITPROG_24,,1,,1,,,,,,2
,WRITPROG_B,,1,,1,,,,,,2
,WRITPROG_B_LOWER,,1,,1,,,,,,2
,WRITPROG_B_UPPER,,1,,1,,,,,,2
,WRITPROG_DESCR,,1,,1,,,,,,2
,WRITPROG_DESCR_23,,1,,1,,,,,,2
,WRITPROG_EAL,,1,,1,,,,,,2
,WRITPROG_EAL_LOWER,,1,,1,,,,,,2
,WRITPROG_EAL_UPPER,,1,,1,,,,,,2
,WRITPROG_FSM6CLA1A,,1,,1,,,,,,2
,WRITPROG_FSM6CLA1A_LOWER,,1,,1,,,,,,2
,WRITPROG_FSM6CLA1A_UPPER,,1,,1,,,,,,2
,WRITPROG_G,,1,,1,,,,,,2
,WRITPROG_G_LOWER,,1,,1,,,,,,2
,WRITPROG_G_UPPER,,1,,1,,,,,,2
,WRITPROG_H,,1,,1,,,,,,2
,WRITPROG_H_LOWER,,1,,1,,,,,,2
,WRITPROG_H_UPPER,,1,,1,,,,,,2
,WRITPROG_L,,1,,1,,,,,,2
,WRITPROG_L_LOWER,,1,,1,,,,,,2
,WRITPROG_L_UPPER,,1,,1,,,,,,2
,WRITPROG_LOWER,,1,,1,,,,,,2
,WRITPROG_LOWER_23,,1,,1,,,,,,2
,WRITPROG_LOWER_24,,1,,1,,,,,,2
,WRITPROG_M,,1,,1,,,,,,2
,WRITPROG_M_LOWER,,1,,1,,,,,,2
,WRITPROG_M_UPPER,,1,,1,,,,,,2
,WRITPROG_MOBN,,1,,1,,,,,,2
,WRITPROG_MOBN_LOWER,,1,,1,,,,,,2
,WRITPROG_MOBN_UPPER,,1,,1,,,,,,2
,WRITPROG_NOTFSM6CLA1A,,1,,1,,,,,,2
,WRITPROG_NOTFSM6CLA1A_LOWER,,1,,1,,,,,,2
,WRITPROG_NOTFSM6CLA1A_UPPER,,1,,1,,,,,,2
,WRITPROG_UNADJUSTED,,1,,1,,,,,,2
,WRITPROG_UPPER,,1,,1,,,,,,2
,WRITPROG_UPPER_23,,1,,1,,,,,,2
,WRITPROG_UPPER_24,,1,,1,,,,,,2
,YEAR,,1,,1,,,,,,2
KS2_25 Total,,,316,,316,,,,,,632
KS4_25,ADDRESS1,,,,,1,1,1,,1,4
,ADDRESS2,,,,,1,1,1,,1,4
,ADDRESS3,,,,,1,1,1,,1,4
,ADMPOL,,,,,1,1,1,,1,4
,ADMPOL_PT,,,,,1,1,,,,2
,AGERANGE,,,,,1,1,1,,1,4
,ATT8SCR,,,,,1,1,1,,1,4
,ATT8SCR_BOYS,,,,,1,1,1,,1,4
,ATT8SCR_EAL,,,,,1,1,1,,1,4
,ATT8SCR_FSM6CLA1A,,,,,1,1,1,,1,4
,ATT8SCR_FSM6CLA1A_PREV,,,,,1,1,1,,1,4
,ATT8SCR_FSM6CLA1A_PREV2,,,,,1,1,1,,1,4
,ATT8SCR_GIRLS,,,,,1,1,1,,1,4
,ATT8SCR_NFSM6CLA1A,,,,,1,1,1,,1,4
,ATT8SCR_NFSM6CLA1A_PREV,,,,,1,1,1,,1,4
,ATT8SCR_NFSM6CLA1A_PREV2,,,,,1,1,1,,1,4
,ATT8SCR_NMOB,,,,,1,1,1,,1,4
,ATT8SCR_PREV,,,,,1,1,1,,1,4
,ATT8SCR_PREV2,,,,,1,1,1,,1,4
,ATT8SCREBAC,,,,,1,1,1,,1,4
,ATT8SCREBAC_BOYS,,,,,1,1,1,,1,4
,ATT8SCREBAC_EAL,,,,,1,1,1,,1,4
,ATT8SCREBAC_FSM6CLA1A,,,,,1,1,1,,1,4
,ATT8SCREBAC_GIRLS,,,,,1,1,1,,1,4
,ATT8SCREBAC_NFSM6CLA1A,,,,,1,1,1,,1,4
,ATT8SCREBAC_NMOB,,,,,1,1,1,,1,4
,ATT8SCRENG,,,,,1,1,1,,1,4
,ATT8SCRENG_BOYS,,,,,1,1,1,,1,4
,ATT8SCRENG_EAL,,,,,1,1,1,,1,4
,ATT8SCRENG_FSM6CLA1A,,,,,1,1,1,,1,4
,ATT8SCRENG_GIRLS,,,,,1,1,1,,1,4
,ATT8SCRENG_NFSM6CLA1A,,,,,1,1,1,,1,4
,ATT8SCRENG_NMOB,,,,,1,1,1,,1,4
,ATT8SCRMAT,,,,,1,1,1,,1,4
,ATT8SCRMAT_BOYS,,,,,1,1,1,,1,4
,ATT8SCRMAT_EAL,,,,,1,1,1,,1,4
,ATT8SCRMAT_FSM6CLA1A,,,,,1,1,1,,1,4
,ATT8SCRMAT_GIRLS,,,,,1,1,1,,1,4
,ATT8SCRMAT_NFSM6CLA1A,,,,,1,1,1,,1,4
,ATT8SCRMAT_NMOB,,,,,1,1,1,,1,4
,ATT8SCROPEN,,,,,1,1,1,,1,4
,ATT8SCROPEN_BOYS,,,,,1,1,1,,1,4
,ATT8SCROPEN_EAL,,,,,1,1,1,,1,4
,ATT8SCROPEN_FSM6CLA1A,,,,,1,1,1,,1,4
,ATT8SCROPEN_GIRLS,,,,,1,1,1,,1,4
,ATT8SCROPEN_NFSM6CLA1A,,,,,1,1,1,,1,4
,ATT8SCROPEN_NMOB,,,,,1,1,1,,1,4
,ATT8SCROPENG,,,,,1,1,1,,1,4
,ATT8SCROPENG_BOYS,,,,,1,1,1,,1,4
,ATT8SCROPENG_EAL,,,,,1,1,1,,1,4
,ATT8SCROPENG_FSM6CLA1A,,,,,1,1,1,,1,4
,ATT8SCROPENG_GIRLS,,,,,1,1,1,,1,4
,ATT8SCROPENG_NFSM6CLA1A,,,,,1,1,1,,1,4
,ATT8SCROPENG_NMOB,,,,,1,1,1,,1,4
,ATT8SCROPENNG,,,,,1,1,1,,1,4
,ATT8SCROPENNG_BOYS,,,,,1,1,1,,1,4
,ATT8SCROPENNG_EAL,,,,,1,1,1,,1,4
,ATT8SCROPENNG_FSM6CLA1A,,,,,1,1,1,,1,4
,ATT8SCROPENNG_GIRLS,,,,,1,1,1,,1,4
,ATT8SCROPENNG_NFSM6CLA1A,,,,,1,1,1,,1,4
,ATT8SCROPENNG_NMOB,,,,,1,1,1,,1,4
,AVGEBACFILL,,,,,1,1,1,,1,4
,AVGOPENFILL,,,,,1,1,1,,1,4
,BPUP,,,,,1,1,1,,1,4
,CONTFLAG,,,,,1,1,1,,1,4
,DIFFN_ATT8,,,,,1,1,1,,1,4
,EBACCAPS,,,,,1,1,1,,1,4
,EBACCAPS_BOYS,,,,,1,1,1,,1,4
,EBACCAPS_EAL,,,,,1,1,1,,1,4
,EBACCAPS_FSM6CLA1A,,,,,1,1,1,,1,4
,EBACCAPS_FSM6CLA1A_PREV,,,,,1,1,1,,1,4
,EBACCAPS_FSM6CLA1A_PREV2,,,,,1,1,1,,1,4
,EBACCAPS_GIRLS,,,,,1,1,1,,1,4
,EBACCAPS_NFSM6CLA1A,,,,,1,1,1,,1,4
,EBACCAPS_NFSM6CLA1A_PREV,,,,,1,1,1,,1,4
,EBACCAPS_NFSM6CLA1A_PREV2,,,,,1,1,1,,1,4
,EBACCAPS_NMOB,,,,,1,1,1,,1,4
,EBACCAPS_PREV,,,,,1,1,1,,1,4
,EBACCAPS_PREV2,,,,,1,1,1,,1,4
,EDITION,,,,,1,1,1,,1,4
,EGENDER,,,,,1,1,1,,1,4
,ESTAB,,,,,1,1,1,,1,4
,FEEDER,,,,,1,1,1,,1,4
,GPUP,,,,,1,1,1,,1,4
,ICLOSE,,,,,1,1,1,,1,4
,LEA,,,,,1,1,1,,1,4
,NFTYPE,,,,,1,1,1,,1,4
,NUMBOYS,,,,,1,1,1,,1,4
,NUMGIRLS,,,,,1,1,1,,1,4
,P8_BANDING,,,,,1,1,1,,1,4
,P8_BANDING_PREV,,,,,1,1,1,,1,4
,P8_BANDING_PREV2,,,,,1,1,1,,1,4
,P8CILOW_PREV,,,,,1,1,1,,1,4
,P8CILOW_PREV2,,,,,1,1,1,,1,4
,P8CIUPP_PREV,,,,,1,1,1,,1,4
,P8CIUPP_PREV2,,,,,1,1,1,,1,4
,P8MEA_PREV,,,,,1,1,1,,1,4
,P8MEA_PREV2,,,,,1,1,1,,1,4
,P8PUP_PREV,,,,,1,1,1,,1,4
,P8PUP_PREV2,,,,,1,1,1,,1,4
,PBEBACC_94,,,,,1,1,1,,1,4
,PBEBACC_95,,,,,1,1,1,,1,4
,PBEBACC_E_PTQ_EE,,,,,1,1,1,,1,4
,PBL2BASICS_94,,,,,1,1,1,,1,4
,PBL2BASICS_95,,,,,1,1,1,,1,4
,PBPUP,,,,,1,1,1,,1,4
,PCODE,,,,,1,1,1,,1,4
,PCON_CODE,,,,,1,1,1,,1,4
,PCON_NAME,,,,,1,1,1,,1,4
,PGEBACC_94,,,,,1,1,1,,1,4
,PGEBACC_95,,,,,1,1,1,,1,4
,PGEBACC_E_PTQ_EE,,,,,1,1,1,,1,4
,PGL2BASICS_94,,,,,1,1,1,,1,4
,PGL2BASICS_95,,,,,1,1,1,,1,4
,PGPUP,,,,,1,1,1,,1,4
,PSEN_ALL4,,,,,1,1,,,,2
,PSENE4,,,,,1,1,,,,2
,PSENK4,,,,,1,1,,,,2
,PT5EM_94,,,,,1,1,1,,1,4
,PT5EM_94_PREV,,,,,1,1,1,,1,4
,PT5EM_94_PREV2,,,,,1,1,1,,1,4
,PTANYQ_PTQ_EE,,,,,1,1,1,,1,4
,PTEALGRP1,,,,,1,1,1,,1,4
,PTEALGRP2,,,,,1,1,1,,1,4
,PTEALGRP3,,,,,1,1,1,,1,4
,PTEBAC2SCI_94,,,,,1,1,1,,1,4
,PTEBAC2SCI_95,,,,,1,1,1,,1,4
,PTEBAC2SCI_E_PTQ_EE,,,,,1,1,1,,1,4
,PTEBAC2SCI91,,,,,1,1,1,,1,4
,PTEBACC_94,,,,,1,1,1,,1,4
,PTEBACC_94_FSM6CLA1A,,,,,1,1,1,,1,4
,PTEBACC_94_FSM6CLA1A_PREV,,,,,1,1,1,,1,4
,PTEBACC_94_FSM6CLA1A_PREV2,,,,,1,1,1,,1,4
,PTEBACC_94_NFSM6CLA1A,,,,,1,1,1,,1,4
,PTEBACC_94_NFSM6CLA1A_PREV,,,,,1,1,1,,1,4
,PTEBACC_94_NFSM6CLA1A_PREV2,,,,,1,1,1,,1,4
,PTEBACC_94_PREV,,,,,1,1,1,,1,4
,PTEBACC_94_PREV2,,,,,1,1,1,,1,4
,PTEBACC_95,,,,,1,1,1,,1,4
,PTEBACC_95_FSM6CLA1A,,,,,1,1,1,,1,4
,PTEBACC_95_FSM6CLA1A_PREV,,,,,1,1,1,,1,4
,PTEBACC_95_FSM6CLA1A_PREV2,,,,,1,1,1,,1,4
,PTEBACC_95_NFSM6CLA1A,,,,,1,1,1,,1,4
,PTEBACC_95_NFSM6CLA1A_PREV,,,,,1,1,1,,1,4
,PTEBACC_95_NFSM6CLA1A_PREV2,,,,,1,1,1,,1,4
,PTEBACC_95_PREV,,,,,1,1,1,,1,4
,PTEBACC_95_PREV2,,,,,1,1,1,,1,4
,PTEBACC_E_PTQ_EE,,,,,1,1,1,,1,4
,PTEBACC_E_PTQ_EE_PREV,,,,,1,1,1,,1,4
,PTEBACC_E_PTQ_EE_PREV2,,,,,1,1,1,,1,4
,PTEBACC_EEAL_PTQ_EE,,,,,1,1,1,,1,4
,PTEBACC_EFSM6CLA1A_PTQ_EE,,,,,1,1,1,,1,4
,PTEBACC_EFSM6CLA1A_PTQ_EE_PREV,,,,,1,1,1,,1,4
,PTEBACC_EFSM6CLA1A_PTQ_EE_PREV2,,,,,1,1,1,,1,4
,PTEBACC_ENFSM6CLA1A_PTQ_EE,,,,,1,1,1,,1,4
,PTEBACC_ENFSM6CLA1A_PTQ_EE_PREV,,,,,1,1,1,,1,4
,PTEBACC_ENFSM6CLA1A_PTQ_EE_PREV2,,,,,1,1,1,,1,4
,PTEBACC_ENMOB_PTQ_EE,,,,,1,1,1,,1,4
,PTEBACC91,,,,,1,1,1,,1,4
,PTEBACCEAL_94,,,,,1,1,1,,1,4
,PTEBACCEAL_95,,,,,1,1,1,,1,4
,PTEBACCNMOB_94,,,,,1,1,1,,1,4
,PTEBACCNMOB_95,,,,,1,1,1,,1,4
,PTEBACENG_94,,,,,1,1,1,,1,4
,PTEBACENG_95,,,,,1,1,1,,1,4
,PTEBACENG_E_PTQ_EE,,,,,1,1,1,,1,4
,PTEBACENG91,,,,,1,1,1,,1,4
,PTEBACHUM_94,,,,,1,1,1,,1,4
,PTEBACHUM_95,,,,,1,1,1,,1,4
,PTEBACHUM_E_PTQ_EE,,,,,1,1,1,,1,4
,PTEBACHUM91,,,,,1,1,1,,1,4
,PTEBACLAN_94,,,,,1,1,1,,1,4
,PTEBACLAN_95,,,,,1,1,1,,1,4
,PTEBACLAN_E_PTQ_EE,,,,,1,1,1,,1,4
,PTEBACLAN91,,,,,1,1,1,,1,4
,PTEBACMAT_94,,,,,1,1,1,,1,4
,PTEBACMAT_95,,,,,1,1,1,,1,4
,PTEBACMAT_E_PTQ_EE,,,,,1,1,1,,1,4
,PTEBACMAT91,,,,,1,1,1,,1,4
,PTFSM6CLA1A,,,,,1,1,1,,1,4
,PTFSM6CLA1A_PREV,,,,,1,1,1,,1,4
,PTFSM6CLA1A_PREV2,,,,,1,1,1,,1,4
,PTFSM6CLA1ABASICS_94,,,,,1,1,1,,1,4
,PTFSM6CLA1ABASICS_94_PREV,,,,,1,1,1,,1,4
,PTFSM6CLA1ABASICS_94_PREV2,,,,,1,1,1,,1,4
,PTFSM6CLA1ABASICS_95,,,,,1,1,1,,1,4
,PTFSM6CLA1ABASICS_95_PREV,,,,,1,1,1,,1,4
,PTFSM6CLA1ABASICS_95_PREV2,,,,,1,1,1,,1,4
,PTL2BASICS_94,,,,,1,1,1,,1,4
,PTL2BASICS_94_PREV,,,,,1,1,1,,1,4
,PTL2BASICS_94_PREV2,,,,,1,1,1,,1,4
,PTL2BASICS_95,,,,,1,1,1,,1,4
,PTL2BASICS_95_PREV,,,,,1,1,1,,1,4
,PTL2BASICS_95_PREV2,,,,,1,1,1,,1,4
,PTL2BASICSEAL_94,,,,,1,1,1,,1,4
,PTL2BASICSEAL_95,,,,,1,1,1,,1,4
,PTL2BASICSNMOB_94,,,,,1,1,1,,1,4
,PTL2BASICSNMOB_95,,,,,1,1,1,,1,4
,PTMULTILAN_E,,,,,1,1,1,,1,4
,PTNMOB,,,,,1,1,1,,1,4
,PTNOTFSM6CLA1A,,,,,1,1,1,,1,4
,PTNOTFSM6CLA1A_PREV,,,,,1,1,1,,1,4
,PTNOTFSM6CLA1A_PREV2,,,,,1,1,1,,1,4
,PTNOTFSM6CLA1ABASICS_94,,,,,1,1,1,,1,4
,PTNOTFSM6CLA1ABASICS_94_PREV,,,,,1,1,1,,1,4
,PTNOTFSM6CLA1ABASICS_94_PREV2,,,,,1,1,1,,1,4
,PTNOTFSM6CLA1ABASICS_95,,,,,1,1,1,,1,4
,PTNOTFSM6CLA1ABASICS_95_PREV,,,,,1,1,1,,1,4
,PTNOTFSM6CLA1ABASICS_95_PREV2,,,,,1,1,1,,1,4
,PTOTENT_E_COVID_IMPACTED_PTQ_EE,,,,,1,1,1,,1,4
,PTTRIPLESCI_E,,,,,1,1,1,,1,4
,RECTYPE,,,,,1,1,1,,1,4
,RELDENOM,,,,,1,1,1,,1,4
,SCHNAME,,,,,1,1,1,,1,4
,SCHNAME_AC,,,,,1,1,1,,1,4
,SEN_ALL4,,,,,1,1,,,,2
,SENE4,,,,,1,1,,,,2
,SENK4,,,,,1,1,,,,2
,TAVENT_E_3NG_FSM6CLA1A_PTQ_EE,,,,,1,1,1,,1,4
,TAVENT_E_3NG_FSM6CLA1A_PTQ_EE_PREV,,,,,1,1,1,,1,4
,TAVENT_E_3NG_FSM6CLA1A_PTQ_EE_PREV2,,,,,1,1,1,,1,4
,TAVENT_E_3NG_NFSM6CLA1A_PTQ_EE,,,,,1,1,1,,1,4
,TAVENT_E_3NG_NFSM6CLA1A_PTQ_EE_PREV,,,,,1,1,1,,1,4
,TAVENT_E_3NG_NFSM6CLA1A_PTQ_EE_PREV2,,,,,1,1,1,,1,4
,TAVENT_E_3NG_PTQ_EE,,,,,1,1,1,,1,4
,TAVENT_G_PTQ_EE,,,,,1,1,1,,1,4
,TAVENT_GFSM6CLA1A_PTQ_EE,,,,,1,1,1,,1,4
,TAVENT_GFSM6CLA1A_PTQ_EE_PREV,,,,,1,1,1,,1,4
,TAVENT_GFSM6CLA1A_PTQ_EE_PREV2,,,,,1,1,1,,1,4
,TAVENT_GNFSM6CLA1A_PTQ_EE,,,,,1,1,1,,1,4
,TAVENT_GNFSM6CLA1A_PTQ_EE_PREV,,,,,1,1,1,,1,4
,TAVENT_GNFSM6CLA1A_PTQ_EE_PREV2,,,,,1,1,1,,1,4
,TEALGRP1,,,,,1,1,1,,1,4
,TEALGRP2,,,,,1,1,1,,1,4
,TEALGRP3,,,,,1,1,1,,1,4
,TEBAC2SCI_94,,,,,1,1,1,,1,4
,TEBAC2SCI_95,,,,,1,1,1,,1,4
,TEBAC2SCI_E_PTQ_EE,,,,,1,1,1,,1,4
,TEBAC2SCI91,,,,,1,1,1,,1,4
,TEBACC_E_PTQ_EE,,,,,1,1,1,,1,4
,TEBACC91,,,,,1,1,1,,1,4
,TEBACENG_94,,,,,1,1,1,,1,4
,TEBACENG_95,,,,,1,1,1,,1,4
,TEBACENG_E_PTQ_EE,,,,,1,1,1,,1,4
,TEBACENG91,,,,,1,1,1,,1,4
,TEBACHUM_94,,,,,1,1,1,,1,4
,TEBACHUM_95,,,,,1,1,1,,1,4
,TEBACHUM_E_PTQ_EE,,,,,1,1,1,,1,4
,TEBACHUM91,,,,,1,1,1,,1,4
,TEBACLAN_94,,,,,1,1,1,,1,4
,TEBACLAN_95,,,,,1,1,1,,1,4
,TEBACLAN_E_PTQ_EE,,,,,1,1,1,,1,4
,TEBACLAN91,,,,,1,1,1,,1,4
,TEBACMAT_94,,,,,1,1,1,,1,4
,TEBACMAT_95,,,,,1,1,1,,1,4
,TEBACMAT_E_PTQ_EE,,,,,1,1,1,,1,4
,TEBACMAT91,,,,,1,1,1,,1,4
,TELNUM,,,,,1,1,1,,1,4
,TFSM6CLA1A,,,,,1,1,1,,1,4
,TFSM6CLA1A_PREV,,,,,1,1,1,,1,4
,TFSM6CLA1A_PREV2,,,,,1,1,1,,1,4
,TNMOB,,,,,1,1,1,,1,4
,TNOTFSM6CLA1A,,,,,1,1,1,,1,4
,TNOTFSM6CLA1A_PREV,,,,,1,1,1,,1,4
,TNOTFSM6CLA1A_PREV2,,,,,1,1,1,,1,4
,TOTATT8,,,,,1,1,1,,1,4
,TOTATT8EBAC,,,,,1,1,1,,1,4
,TOTATT8ENG,,,,,1,1,1,,1,4
,TOTATT8MAT,,,,,1,1,1,,1,4
,TOTATT8OPEN,,,,,1,1,1,,1,4
,TOTATT8OPENG,,,,,1,1,1,,1,4
,TOTATT8OPENNG,,,,,1,1,1,,1,4
,TOTEBACCAPS,,,,,1,1,1,,1,4
,TOTPUPS,,,,,1,1,1,,1,4
,TOWN,,,,,1,1,1,,1,4
,TPUP,,,,,1,1,1,,1,4
,TPUP_PREV,,,,,1,1,1,,1,4
,TPUP_PREV2,,,,,1,1,1,,1,4
,TTOTENT_E_COVID_IMPACTED_PTQ_EE,,,,,1,1,1,,1,4
,TTOTENT_E_TOTAL_PTQ_EE,,,,,1,1,1,,1,4
,URN,,,,,1,1,1,,1,4
,YEAR,,,,,1,1,1,,1,4
KS4_25 Total,,,,,,282,282,275,,275,1114
KS4_PUPDEST_25,APPREN,,,,,1,1,,,,2
,APPREN_DIS,,,,,1,1,,,,2
,APPREN_NONDIS,,,,,1,1,,,,2
,APPRENPER,,,,,1,1,,,,2
,APPRENPER_DIS,,,,,1,1,,,,2
,APPRENPER_NONDIS,,,,,1,1,,,,2
,COHORT,,,,,1,1,,,,2
,COHORT_21,,,,,1,1,,,,2
,COHORT_22,,,,,1,1,,,,2
,COHORT_DIS,,,,,1,1,,,,2
,COHORT_DIS_21,,,,,1,1,,,,2
,COHORT_DIS_22,,,,,1,1,,,,2
,COHORT_NONDIS,,,,,1,1,,,,2
,COHORT_NONDIS_21,,,,,1,1,,,,2
,COHORT_NONDIS_22,,,,,1,1,,,,2
,EDITION,,,,,1,1,,,,2
,EDUCATION,,,,,1,1,,,,2
,EDUCATION_DIS,,,,,1,1,,,,2
,EDUCATION_NONDIS,,,,,1,1,,,,2
,EDUCATIONPER,,,,,1,1,,,,2
,EDUCATIONPER_DIS,,,,,1,1,,,,2
,EDUCATIONPER_NONDIS,,,,,1,1,,,,2
,EMPLOYMENT,,,,,1,1,,,,2
,EMPLOYMENT_DIS,,,,,1,1,,,,2
,EMPLOYMENT_NONDIS,,,,,1,1,,,,2
,EMPLOYMENTPER,,,,,1,1,,,,2
,EMPLOYMENTPER_DIS,,,,,1,1,,,,2
,EMPLOYMENTPER_NONDIS,,,,,1,1,,,,2
,ESTAB,,,,,1,1,,,,2
,FE,,,,,1,1,,,,2
,FE_DIS,,,,,1,1,,,,2
,FE_NONDIS,,,,,1,1,,,,2
,FEPER,,,,,1,1,,,,2
,FEPER_DIS,,,,,1,1,,,,2
,FEPER_NONDIS,,,,,1,1,,,,2
,ICLOSE,,,,,1,1,,,,2
,LEA,,,,,1,1,,,,2
,NFTYPE,,,,,1,1,,,,2
,NOT_SUSTAINED,,,,,1,1,,,,2
,NOT_SUSTAINED_DIS,,,,,1,1,,,,2
,NOT_SUSTAINED_NONDIS,,,,,1,1,,,,2
,NOT_SUSTAINEDPER,,,,,1,1,,,,2
,NOT_SUSTAINEDPER_DIS,,,,,1,1,,,,2
,NOT_SUSTAINEDPER_NONDIS,,,,,1,1,,,,2
,OTHER_EDU,,,,,1,1,,,,2
,OTHER_EDU_DIS,,,,,1,1,,,,2
,OTHER_EDU_NONDIS,,,,,1,1,,,,2
,OTHER_EDUPER,,,,,1,1,,,,2
,OTHER_EDUPER_DIS,,,,,1,1,,,,2
,OTHER_EDUPER_NONDIS,,,,,1,1,,,,2
,OVERALL_DEST,,,,,1,1,,,,2
,OVERALL_DEST_DIS,,,,,1,1,,,,2
,OVERALL_DEST_NONDIS,,,,,1,1,,,,2
,OVERALL_DESTPER,,,,,1,1,,,,2
,OVERALL_DESTPER_21,,,,,1,1,,,,2
,OVERALL_DESTPER_22,,,,,1,1,,,,2
,OVERALL_DESTPER_DIS,,,,,1,1,,,,2
,OVERALL_DESTPER_DIS_21,,,,,1,1,,,,2
,OVERALL_DESTPER_DIS_22,,,,,1,1,,,,2
,OVERALL_DESTPER_NONDIS,,,,,1,1,,,,2
,OVERALL_DESTPER_NONDIS_21,,,,,1,1,,,,2
,OVERALL_DESTPER_NONDIS_22,,,,,1,1,,,,2
,RECTYPE,,,,,1,1,,,,2
,SCH_6TH,,,,,1,1,,,,2
,SCH_6TH_DIS,,,,,1,1,,,,2
,SCH_6TH_NONDIS,,,,,1,1,,,,2
,SCH_6THPER,,,,,1,1,,,,2
,SCH_6THPER_DIS,,,,,1,1,,,,2
,SCH_6THPER_NONDIS,,,,,1,1,,,,2
,SCHNAME,,,,,1,1,,,,2
,SIXTH_COL,,,,,1,1,,,,2
,SIXTH_COL_DIS,,,,,1,1,,,,2
,SIXTH_COL_NONDIS,,,,,1,1,,,,2
,SIXTH_COLPER,,,,,1,1,,,,2
,SIXTH_COLPER_DIS,,,,,1,1,,,,2
,SIXTH_COLPER_NONDIS,,,,,1,1,,,,2
,UNKNOWN,,,,,1,1,,,,2
,UNKNOWN_DIS,,,,,1,1,,,,2
,UNKNOWN_NONDIS,,,,,1,1,,,,2
,UNKNOWNPER,,,,,1,1,,,,2
,UNKNOWNPER_DIS,,,,,1,1,,,,2
,UNKNOWNPER_NONDIS,,,,,1,1,,,,2
,URN,,,,,1,1,,,,2
KS4_PUPDEST_25 Total,,,,,,83,83,,,,166
KS5_25,ADDRESS1,,,,,1,,1,,1,3
,ADDRESS2,,,,,1,,1,,1,3
,ADDRESS3,,,,,1,,1,,1,3
,ADMPOL,,,,,1,,1,,1,3
,ADMPOL_PT,,,,,1,,,,,1
,AGEN_PER,,,,,1,,1,,1,3
,AGERANGE,,,,,1,,1,,1,3
,ALPHAIND,,,,,1,,1,,1,3
,CONFEXAM,,,,,1,,1,,1,3
,CONTFLAG,,,,,1,,1,,1,3
,DUMMY,,,,,1,,1,,1,3
,EDITION,,,,,1,,1,,1,3
,ENTRIES_ACAD,,,,,1,,1,,1,3
,ENTRIES_ACAD_22,,,,,1,,1,,1,3
,ENTRIES_ACAD_23,,,,,1,,1,,1,3
,ENTRIES_ACAD_24,,,,,1,,1,,1,3
,ENTRIES_ACAD_DIS,,,,,1,,,,,1
,ENTRIES_ACAD_DIS_22,,,,,1,,1,,1,3
,ENTRIES_ACAD_DIS_23,,,,,1,,1,,1,3
,ENTRIES_ACAD_DIS_24,,,,,1,,,,,1
,ENTRIES_ACAD_NOTDIS,,,,,1,,,,,1
,ENTRIES_ACAD_NOTDIS_22,,,,,1,,1,,1,3
,ENTRIES_ACAD_NOTDIS_23,,,,,1,,1,,1,3
,ENTRIES_ACAD_NOTDIS_24,,,,,1,,,,,1
,ENTRIES_AGEN,,,,,1,,1,,1,3
,ENTRIES_AGEN_22,,,,,1,,1,,1,3
,ENTRIES_AGEN_23,,,,,1,,1,,1,3
,ENTRIES_AGEN_24,,,,,1,,1,,1,3
,ENTRIES_AGEN_DIS,,,,,1,,,,,1
,ENTRIES_AGEN_DIS_22,,,,,1,,1,,1,3
,ENTRIES_AGEN_DIS_23,,,,,1,,1,,1,3
,ENTRIES_AGEN_DIS_24,,,,,1,,,,,1
,ENTRIES_AGEN_NOTDIS,,,,,1,,,,,1
,ENTRIES_AGEN_NOTDIS_22,,,,,1,,1,,1,3
,ENTRIES_AGEN_NOTDIS_23,,,,,1,,1,,1,3
,ENTRIES_AGEN_NOTDIS_24,,,,,1,,,,,1
,ENTRIES_ALEV,,,,,1,,1,,1,3
,ENTRIES_ALEV_22,,,,,1,,1,,1,3
,ENTRIES_ALEV_23,,,,,1,,1,,1,3
,ENTRIES_ALEV_24,,,,,1,,1,,1,3
,ENTRIES_ALEV_DIS,,,,,1,,,,,1
,ENTRIES_ALEV_DIS_22,,,,,1,,1,,1,3
,ENTRIES_ALEV_DIS_23,,,,,1,,1,,1,3
,ENTRIES_ALEV_DIS_24,,,,,1,,,,,1
,ENTRIES_ALEV_NOTDIS,,,,,1,,,,,1
,ENTRIES_ALEV_NOTDIS_22,,,,,1,,1,,1,3
,ENTRIES_ALEV_NOTDIS_23,,,,,1,,1,,1,3
,ENTRIES_ALEV_NOTDIS_24,,,,,1,,,,,1
,ENTRIES_TECHCERT,,,,,1,,1,,1,3
,ENTRIES_TECHCERT_DIS,,,,,1,,,,,1
,ENTRIES_TECHCERT_NOTDIS,,,,,1,,,,,1
,ENTRIES_TLEV,,,,,1,,1,,1,3
,ENTRIES_TLEV_DIS,,,,,1,,,,,1
,ENTRIES_TLEV_NOTDIS,,,,,1,,,,,1
,ENTRY_PER_E,,,,,1,,1,,1,3
,ENTRY_PER_M,,,,,1,,1,,1,3
,ESTAB,,,,,1,,1,,1,3
,FEEDER,,,,,1,,1,,1,3
,GEND1618,,,,,1,,1,,1,3
,ICLOSE,,,,,1,,1,,1,3
,L3M_PER,,,,,1,,1,,1,3
,LASORT,,,,,1,,1,,1,3
,LCI_INS_ACAD,,,,,1,,1,,1,3
,LCI_INS_ACAD_22,,,,,1,,1,,1,3
,LCI_INS_ACAD_23,,,,,1,,1,,1,3
,LCI_INS_ACAD_24,,,,,1,,1,,1,3
,LCI_INS_ACAD_DIS,,,,,1,,,,,1
,LCI_INS_ACAD_DIS_22,,,,,1,,1,,1,3
,LCI_INS_ACAD_DIS_23,,,,,1,,1,,1,3
,LCI_INS_ACAD_DIS_24,,,,,1,,,,,1
,LCI_INS_ACAD_NOTDIS,,,,,1,,,,,1
,LCI_INS_ACAD_NOTDIS_22,,,,,1,,1,,1,3
,LCI_INS_ACAD_NOTDIS_23,,,,,1,,1,,1,3
,LCI_INS_ACAD_NOTDIS_24,,,,,1,,,,,1
,LCI_INS_AGEN,,,,,1,,1,,1,3
,LCI_INS_AGEN_22,,,,,1,,1,,1,3
,LCI_INS_AGEN_23,,,,,1,,1,,1,3
,LCI_INS_AGEN_24,,,,,1,,1,,1,3
,LCI_INS_AGEN_DIS,,,,,1,,,,,1
,LCI_INS_AGEN_DIS_22,,,,,1,,1,,1,3
,LCI_INS_AGEN_DIS_23,,,,,1,,1,,1,3
,LCI_INS_AGEN_DIS_24,,,,,1,,,,,1
,LCI_INS_AGEN_NOTDIS,,,,,1,,,,,1
,LCI_INS_AGEN_NOTDIS_22,,,,,1,,1,,1,3
,LCI_INS_AGEN_NOTDIS_23,,,,,1,,1,,1,3
,LCI_INS_AGEN_NOTDIS_24,,,,,1,,,,,1
,LCI_INS_ALEV,,,,,1,,1,,1,3
,LCI_INS_ALEV_22,,,,,1,,1,,1,3
,LCI_INS_ALEV_23,,,,,1,,1,,1,3
,LCI_INS_ALEV_24,,,,,1,,1,,1,3
,LCI_INS_ALEV_DIS,,,,,1,,,,,1
,LCI_INS_ALEV_DIS_22,,,,,1,,1,,1,3
,LCI_INS_ALEV_DIS_23,,,,,1,,1,,1,3
,LCI_INS_ALEV_DIS_24,,,,,1,,,,,1
,LCI_INS_ALEV_NOTDIS,,,,,1,,,,,1
,LCI_INS_ALEV_NOTDIS_22,,,,,1,,1,,1,3
,LCI_INS_ALEV_NOTDIS_23,,,,,1,,1,,1,3
,LCI_INS_ALEV_NOTDIS_24,,,,,1,,,,,1
,LCI_INS_TECHCERT,,,,,1,,1,,1,3
,LCI_INS_TECHCERT_DIS,,,,,1,,,,,1
,LCI_INS_TECHCERT_NOTDIS,,,,,1,,,,,1
,LCI_INS_TLEV,,,,,1,,1,,1,3
,LCI_INS_TLEV_DIS,,,,,1,,,,,1
,LCI_INS_TLEV_NOTDIS,,,,,1,,,,,1
,LEA,,,,,1,,1,,1,3
,NFTYPE/FESITYPE,,,,,1,,1,,1,3
,PCODE,,,,,1,,1,,1,3
,PCON_CODE,,,,,1,,1,,1,3
,PCON_NAME,,,,,1,,1,,1,3
,PROGEX_E,,,,,1,,1,,1,3
,PROGEX_E_22,,,,,1,,1,,1,3
,PROGEX_E_23,,,,,1,,1,,1,3
,PROGEX_E_24,,,,,1,,1,,1,3
,PROGEX_E_DIS,,,,,1,,,,,1
,PROGEX_E_DIS_22,,,,,1,,1,,1,3
,PROGEX_E_DIS_23,,,,,1,,1,,1,3
,PROGEX_E_DIS_24,,,,,1,,1,,1,3
,PROGEX_E_NOTDIS,,,,,1,,,,,1
,PROGEX_E_NOTDIS_22,,,,,1,,1,,1,3
,PROGEX_E_NOTDIS_23,,,,,1,,1,,1,3
,PROGEX_E_NOTDIS_24,,,,,1,,1,,1,3
,PROGEX_M,,,,,1,,1,,1,3
,PROGEX_M_22,,,,,1,,1,,1,3
,PROGEX_M_23,,,,,1,,1,,1,3
,PROGEX_M_24,,,,,1,,1,,1,3
,PROGEX_M_DIS,,,,,1,,,,,1
,PROGEX_M_DIS_22,,,,,1,,1,,1,3
,PROGEX_M_DIS_23,,,,,1,,1,,1,3
,PROGEX_M_DIS_24,,,,,1,,1,,1,3
,PROGEX_M_NOTDIS,,,,,1,,,,,1
,PROGEX_M_NOTDIS_22,,,,,1,,1,,1,3
,PROGEX_M_NOTDIS_23,,,,,1,,1,,1,3
,PROGEX_M_NOTDIS_24,,,,,1,,1,,1,3
,PROGRESS_BAND_ACAD,,,,,1,,1,,1,3
,PROGRESS_BAND_ACAD_24,,,,,1,,1,,1,3
,PROGRESS_BAND_AGEN_24,,,,,1,,1,,1,3
,PROGRESS_BAND_ALEV,,,,,1,,1,,1,3
,PROGRESS_BAND_ALEV_24,,,,,1,,1,,1,3
,PT_RET_ASSESSED_ACAD,,,,,1,,,,,1
,PT_RET_ASSESSED_AGEN,,,,,1,,,,,1
,PT_RET_ASSESSED_ALEV,,,,,1,,,,,1
,PT_RET_ASSESSED_TECHCERT,,,,,1,,,,,1
,PT_RET_ASSESSED_TLEV,,,,,1,,,,,1
,PT_RETAINED_ACAD_2NDYR,,,,,1,,,,,1
,PT_RETAINED_ACAD_RET,,,,,1,,,,,1
,PT_RETAINED_ACAD_RET_22,,,,,1,,,,,1
,PT_RETAINED_ACAD_RET_23,,,,,1,,,,,1
,PT_RETAINED_ACAD_RET_24,,,,,1,,,,,1
,PT_RETAINED_ACAD_RET_DIS,,,,,1,,,,,1
,PT_RETAINED_ACAD_RET_DIS_22,,,,,1,,,,,1
,PT_RETAINED_ACAD_RET_DIS_23,,,,,1,,,,,1
,PT_RETAINED_ACAD_RET_DIS_24,,,,,1,,,,,1
,PT_RETAINED_ACAD_RET_NOTDIS,,,,,1,,,,,1
,PT_RETAINED_ACAD_RET_NOTDIS_22,,,,,1,,,,,1
,PT_RETAINED_ACAD_RET_NOTDIS_23,,,,,1,,,,,1
,PT_RETAINED_ACAD_RET_NOTDIS_24,,,,,1,,,,,1
,PT_RETAINED_AGEN_2NDYR,,,,,1,,,,,1
,PT_RETAINED_AGEN_RET,,,,,1,,,,,1
,PT_RETAINED_AGEN_RET_22,,,,,1,,,,,1
,PT_RETAINED_AGEN_RET_23,,,,,1,,,,,1
,PT_RETAINED_AGEN_RET_24,,,,,1,,,,,1
,PT_RETAINED_AGEN_RET_DIS,,,,,1,,,,,1
,PT_RETAINED_AGEN_RET_DIS_22,,,,,1,,,,,1
,PT_RETAINED_AGEN_RET_DIS_23,,,,,1,,,,,1
,PT_RETAINED_AGEN_RET_DIS_24,,,,,1,,,,,1
,PT_RETAINED_AGEN_RET_NOTDIS,,,,,1,,,,,1
,PT_RETAINED_AGEN_RET_NOTDIS_22,,,,,1,,,,,1
,PT_RETAINED_AGEN_RET_NOTDIS_23,,,,,1,,,,,1
,PT_RETAINED_AGEN_RET_NOTDIS_24,,,,,1,,,,,1
,PT_RETAINED_ALEV_2NDYR,,,,,1,,,,,1
,PT_RETAINED_ALEV_RET,,,,,1,,,,,1
,PT_RETAINED_ALEV_RET_22,,,,,1,,,,,1
,PT_RETAINED_ALEV_RET_23,,,,,1,,,,,1
,PT_RETAINED_ALEV_RET_24,,,,,1,,,,,1
,PT_RETAINED_ALEV_RET_DIS,,,,,1,,,,,1
,PT_RETAINED_ALEV_RET_DIS_22,,,,,1,,,,,1
,PT_RETAINED_ALEV_RET_DIS_23,,,,,1,,,,,1
,PT_RETAINED_ALEV_RET_DIS_24,,,,,1,,,,,1
,PT_RETAINED_ALEV_RET_NOTDIS,,,,,1,,,,,1
,PT_RETAINED_ALEV_RET_NOTDIS_22,,,,,1,,,,,1
,PT_RETAINED_ALEV_RET_NOTDIS_23,,,,,1,,,,,1
,PT_RETAINED_ALEV_RET_NOTDIS_24,,,,,1,,,,,1
,PT_RETAINED_TECHCERT_RET,,,,,1,,,,,1
,PT_RETAINED_TECHCERT_RET_22,,,,,1,,,,,1
,PT_RETAINED_TECHCERT_RET_23,,,,,1,,,,,1
,PT_RETAINED_TECHCERT_RET_24,,,,,1,,,,,1
,PT_RETAINED_TECHCERT_RET_DIS,,,,,1,,,,,1
,PT_RETAINED_TECHCERT_RET_DIS_22,,,,,1,,,,,1
,PT_RETAINED_TECHCERT_RET_DIS_23,,,,,1,,,,,1
,PT_RETAINED_TECHCERT_RET_DIS_24,,,,,1,,,,,1
,PT_RETAINED_TECHCERT_RET_NOTDIS,,,,,1,,,,,1
,PT_RETAINED_TECHCERT_RET_NOTDIS_22,,,,,1,,,,,1
,PT_RETAINED_TECHCERT_RET_NOTDIS_23,,,,,1,,,,,1
,PT_RETAINED_TECHCERT_RET_NOTDIS_24,,,,,1,,,,,1
,PT_RETAINED_TLEV_2NDYR,,,,,1,,,,,1
,PT_RETAINED_TLEV_RET,,,,,1,,,,,1
,PT_RETAINED_TLEV_RET_22,,,,,1,,,,,1
,PT_RETAINED_TLEV_RET_23,,,,,1,,,,,1
,PT_RETAINED_TLEV_RET_24,,,,,1,,,,,1
,PT_RETAINED_TLEV_RET_DIS,,,,,1,,,,,1
,PT_RETAINED_TLEV_RET_DIS_22,,,,,1,,,,,1
,PT_RETAINED_TLEV_RET_DIS_23,,,,,1,,,,,1
,PT_RETAINED_TLEV_RET_DIS_24,,,,,1,,,,,1
,PT_RETAINED_TLEV_RET_NOTDIS,,,,,1,,,,,1
,PT_RETAINED_TLEV_RET_NOTDIS_22,,,,,1,,,,,1
,PT_RETAINED_TLEV_RET_NOTDIS_23,,,,,1,,,,,1
,PT_RETAINED_TLEV_RET_NOTDIS_24,,,,,1,,,,,1
,PTAAB_2FAC,,,,,1,,1,,1,3
,RECTYPE,,,,,1,,1,,1,3
,REGION,,,,,1,,1,,1,3
,RELDENOM,,,,,1,,1,,1,3
,SCHNAME,,,,,1,,1,,1,3
,SCHNAME_AC,,,,,1,,1,,1,3
,T_AIMS_CA_22,,,,,1,,1,,1,3
,T_AIMS_CA_23,,,,,1,,1,,1,3
,T_AIMS_CA_24,,,,,1,,1,,1,3
,T_INSCOPE_ACAD_2NDYR,,,,,1,,,,,1
,T_INSCOPE_ACAD_RET,,,,,1,,,,,1
,T_INSCOPE_ACAD_RET_22,,,,,1,,,,,1
,T_INSCOPE_ACAD_RET_23,,,,,1,,,,,1
,T_INSCOPE_ACAD_RET_24,,,,,1,,,,,1
,T_INSCOPE_ACAD_RET_DIS,,,,,1,,,,,1
,T_INSCOPE_ACAD_RET_DIS_22,,,,,1,,,,,1
,T_INSCOPE_ACAD_RET_DIS_23,,,,,1,,,,,1
,T_INSCOPE_ACAD_RET_DIS_24,,,,,1,,,,,1
,T_INSCOPE_ACAD_RET_NOTDIS,,,,,1,,,,,1
,T_INSCOPE_ACAD_RET_NOTDIS_22,,,,,1,,,,,1
,T_INSCOPE_ACAD_RET_NOTDIS_23,,,,,1,,,,,1
,T_INSCOPE_ACAD_RET_NOTDIS_24,,,,,1,,,,,1
,T_INSCOPE_AGEN_2NDYR,,,,,1,,,,,1
,T_INSCOPE_AGEN_RET,,,,,1,,,,,1
,T_INSCOPE_AGEN_RET_22,,,,,1,,,,,1
,T_INSCOPE_AGEN_RET_23,,,,,1,,,,,1
,T_INSCOPE_AGEN_RET_24,,,,,1,,,,,1
,T_INSCOPE_AGEN_RET_DIS,,,,,1,,,,,1
,T_INSCOPE_AGEN_RET_DIS_22,,,,,1,,,,,1
,T_INSCOPE_AGEN_RET_DIS_23,,,,,1,,,,,1
,T_INSCOPE_AGEN_RET_DIS_24,,,,,1,,,,,1
,T_INSCOPE_AGEN_RET_NOTDIS,,,,,1,,,,,1
,T_INSCOPE_AGEN_RET_NOTDIS_22,,,,,1,,,,,1
,T_INSCOPE_AGEN_RET_NOTDIS_23,,,,,1,,,,,1
,T_INSCOPE_AGEN_RET_NOTDIS_24,,,,,1,,,,,1
,T_INSCOPE_ALEV_2NDYR,,,,,1,,,,,1
,T_INSCOPE_ALEV_RET,,,,,1,,,,,1
,T_INSCOPE_ALEV_RET_22,,,,,1,,,,,1
,T_INSCOPE_ALEV_RET_23,,,,,1,,,,,1
,T_INSCOPE_ALEV_RET_24,,,,,1,,,,,1
,T_INSCOPE_ALEV_RET_DIS,,,,,1,,,,,1
,T_INSCOPE_ALEV_RET_DIS_22,,,,,1,,,,,1
,T_INSCOPE_ALEV_RET_DIS_23,,,,,1,,,,,1
,T_INSCOPE_ALEV_RET_DIS_24,,,,,1,,,,,1
,T_INSCOPE_ALEV_RET_NOTDIS,,,,,1,,,,,1
,T_INSCOPE_ALEV_RET_NOTDIS_22,,,,,1,,,,,1
,T_INSCOPE_ALEV_RET_NOTDIS_23,,,,,1,,,,,1
,T_INSCOPE_ALEV_RET_NOTDIS_24,,,,,1,,,,,1
,T_INSCOPE_TECHCERT_RET,,,,,1,,,,,1
,T_INSCOPE_TECHCERT_RET_22,,,,,1,,,,,1
,T_INSCOPE_TECHCERT_RET_23,,,,,1,,,,,1
,T_INSCOPE_TECHCERT_RET_24,,,,,1,,,,,1
,T_INSCOPE_TECHCERT_RET_DIS,,,,,1,,,,,1
,T_INSCOPE_TECHCERT_RET_DIS_22,,,,,1,,,,,1
,T_INSCOPE_TECHCERT_RET_DIS_23,,,,,1,,,,,1
,T_INSCOPE_TECHCERT_RET_DIS_24,,,,,1,,,,,1
,T_INSCOPE_TECHCERT_RET_NOTDIS,,,,,1,,,,,1
,T_INSCOPE_TECHCERT_RET_NOTDIS_22,,,,,1,,,,,1
,T_INSCOPE_TECHCERT_RET_NOTDIS_23,,,,,1,,,,,1
,T_INSCOPE_TECHCERT_RET_NOTDIS_24,,,,,1,,,,,1
,T_INSCOPE_TLEV_2NDYR,,,,,1,,,,,1
,T_INSCOPE_TLEV_RET,,,,,1,,,,,1
,T_INSCOPE_TLEV_RET_22,,,,,1,,,,,1
,T_INSCOPE_TLEV_RET_23,,,,,1,,,,,1
,T_INSCOPE_TLEV_RET_24,,,,,1,,,,,1
,T_INSCOPE_TLEV_RET_DIS,,,,,1,,,,,1
,T_INSCOPE_TLEV_RET_DIS_22,,,,,1,,,,,1
,T_INSCOPE_TLEV_RET_DIS_23,,,,,1,,,,,1
,T_INSCOPE_TLEV_RET_DIS_24,,,,,1,,,,,1
,T_INSCOPE_TLEV_RET_NOTDIS,,,,,1,,,,,1
,T_INSCOPE_TLEV_RET_NOTDIS_22,,,,,1,,,,,1
,T_INSCOPE_TLEV_RET_NOTDIS_23,,,,,1,,,,,1
,T_INSCOPE_TLEV_RET_NOTDIS_24,,,,,1,,,,,1
,T_SCOPEEX_E,,,,,1,,1,,1,3
,T_SCOPEEX_E_22,,,,,1,,1,,1,3
,T_SCOPEEX_E_23,,,,,1,,1,,1,3
,T_SCOPEEX_E_24,,,,,1,,1,,1,3
,T_SCOPEEX_E_DIS,,,,,1,,,,,1
,T_SCOPEEX_E_DIS_22,,,,,1,,1,,1,3
,T_SCOPEEX_E_DIS_23,,,,,1,,1,,1,3
,T_SCOPEEX_E_DIS_24,,,,,1,,1,,1,3
,T_SCOPEEX_E_NOTDIS,,,,,1,,,,,1
,T_SCOPEEX_E_NOTDIS_22,,,,,1,,1,,1,3
,T_SCOPEEX_E_NOTDIS_23,,,,,1,,1,,1,3
,T_SCOPEEX_E_NOTDIS_24,,,,,1,,1,,1,3
,T_SCOPEEX_M,,,,,1,,1,,1,3
,T_SCOPEEX_M_22,,,,,1,,1,,1,3
,T_SCOPEEX_M_23,,,,,1,,1,,1,3
,T_SCOPEEX_M_24,,,,,1,,1,,1,3
,T_SCOPEEX_M_DIS,,,,,1,,,,,1
,T_SCOPEEX_M_DIS_22,,,,,1,,1,,1,3
,T_SCOPEEX_M_DIS_23,,,,,1,,1,,1,3
,T_SCOPEEX_M_DIS_24,,,,,1,,1,,1,3
,T_SCOPEEX_M_NOTDIS,,,,,1,,,,,1
,T_SCOPEEX_M_NOTDIS_22,,,,,1,,1,,1,3
,T_SCOPEEX_M_NOTDIS_23,,,,,1,,1,,1,3
,T_SCOPEEX_M_NOTDIS_24,,,,,1,,1,,1,3
,TAB15,,,,,1,,1,,1,3
,TABKS2,,,,,1,,1,,1,3
,TALLPPE_ACAD_1618,,,,,1,,1,,1,3
,TALLPPE_ACAD_1618_22,,,,,1,,1,,1,3
,TALLPPE_ACAD_1618_23,,,,,1,,1,,1,3
,TALLPPE_ACAD_1618_24,,,,,1,,1,,1,3
,TALLPPE_ACAD_1618_DIS,,,,,1,,,,,1
,TALLPPE_ACAD_1618_DIS_22,,,,,1,,,,,1
,TALLPPE_ACAD_1618_DIS_23,,,,,1,,,,,1
,TALLPPE_ACAD_1618_DIS_24,,,,,1,,,,,1
,TALLPPE_ACAD_1618_NOTDIS,,,,,1,,,,,1
,TALLPPE_ACAD_1618_NOTDIS_22,,,,,1,,,,,1
,TALLPPE_ACAD_1618_NOTDIS_23,,,,,1,,,,,1
,TALLPPE_ACAD_1618_NOTDIS_24,,,,,1,,,,,1
,TALLPPE_AGEN,,,,,1,,1,,1,3
,TALLPPE_AGEN_22,,,,,1,,1,,1,3
,TALLPPE_AGEN_23,,,,,1,,1,,1,3
,TALLPPE_AGEN_24,,,,,1,,1,,1,3
,TALLPPE_AGEN_DIS,,,,,1,,,,,1
,TALLPPE_AGEN_DIS_22,,,,,1,,,,,1
,TALLPPE_AGEN_DIS_23,,,,,1,,,,,1
,TALLPPE_AGEN_DIS_24,,,,,1,,,,,1
,TALLPPE_AGEN_NOTDIS,,,,,1,,,,,1
,TALLPPE_AGEN_NOTDIS_22,,,,,1,,,,,1
,TALLPPE_AGEN_NOTDIS_23,,,,,1,,,,,1
,TALLPPE_AGEN_NOTDIS_24,,,,,1,,,,,1
,TALLPPE_ALEV_1618,,,,,1,,1,,1,3
,TALLPPE_ALEV_1618_22,,,,,1,,1,,1,3
,TALLPPE_ALEV_1618_23,,,,,1,,1,,1,3
,TALLPPE_ALEV_1618_24,,,,,1,,1,,1,3
,TALLPPE_ALEV_1618_DIS,,,,,1,,,,,1
,TALLPPE_ALEV_1618_DIS_22,,,,,1,,,,,1
,TALLPPE_ALEV_1618_DIS_23,,,,,1,,,,,1
,TALLPPE_ALEV_1618_DIS_24,,,,,1,,,,,1
,TALLPPE_ALEV_1618_NOTDIS,,,,,1,,,,,1
,TALLPPE_ALEV_1618_NOTDIS_22,,,,,1,,,,,1
,TALLPPE_ALEV_1618_NOTDIS_23,,,,,1,,,,,1
,TALLPPE_ALEV_1618_NOTDIS_24,,,,,1,,,,,1
,TALLPPE_TECHCERT,,,,,1,,1,,1,3
,TALLPPE_TECHCERT_22,,,,,1,,1,,1,3
,TALLPPE_TECHCERT_23,,,,,1,,1,,1,3
,TALLPPE_TECHCERT_24,,,,,1,,1,,1,3
,TALLPPE_TECHCERT_DIS,,,,,1,,,,,1
,TALLPPE_TECHCERT_DIS_22,,,,,1,,,,,1
,TALLPPE_TECHCERT_DIS_23,,,,,1,,,,,1
,TALLPPE_TECHCERT_DIS_24,,,,,1,,,,,1
,TALLPPE_TECHCERT_NOTDIS,,,,,1,,,,,1
,TALLPPE_TECHCERT_NOTDIS_22,,,,,1,,,,,1
,TALLPPE_TECHCERT_NOTDIS_23,,,,,1,,,,,1
,TALLPPE_TECHCERT_NOTDIS_24,,,,,1,,,,,1
,TALLPPE_TLEV,,,,,1,,1,,1,3
,TALLPPE_TLEV_22,,,,,1,,1,,1,3
,TALLPPE_TLEV_23,,,,,1,,1,,1,3
,TALLPPE_TLEV_24,,,,,1,,1,,1,3
,TALLPPE_TLEV_DIS,,,,,1,,,,,1
,TALLPPE_TLEV_DIS_22,,,,,1,,,,,1
,TALLPPE_TLEV_DIS_23,,,,,1,,,,,1
,TALLPPE_TLEV_DIS_24,,,,,1,,,,,1
,TALLPPE_TLEV_NOTDIS,,,,,1,,,,,1
,TALLPPE_TLEV_NOTDIS_22,,,,,1,,,,,1
,TALLPPE_TLEV_NOTDIS_23,,,,,1,,,,,1
,TALLPPE_TLEV_NOTDIS_24,,,,,1,,,,,1
,TALLPPEGRD_ACAD_1618,,,,,1,,1,,1,3
,TALLPPEGRD_ACAD_1618_22,,,,,1,,1,,1,3
,TALLPPEGRD_ACAD_1618_23,,,,,1,,1,,1,3
,TALLPPEGRD_ACAD_1618_24,,,,,1,,1,,1,3
,TALLPPEGRD_ACAD_DIS,,,,,1,,,,,1
,TALLPPEGRD_ACAD_DIS_22,,,,,1,,,,,1
,TALLPPEGRD_ACAD_DIS_23,,,,,1,,,,,1
,TALLPPEGRD_ACAD_DIS_24,,,,,1,,,,,1
,TALLPPEGRD_ACAD_NOTDIS,,,,,1,,,,,1
,TALLPPEGRD_ACAD_NOTDIS_22,,,,,1,,,,,1
,TALLPPEGRD_ACAD_NOTDIS_23,,,,,1,,,,,1
,TALLPPEGRD_ACAD_NOTDIS_24,,,,,1,,,,,1
,TALLPPEGRD_AGEN,,,,,1,,1,,1,3
,TALLPPEGRD_AGEN_22,,,,,1,,1,,1,3
,TALLPPEGRD_AGEN_23,,,,,1,,1,,1,3
,TALLPPEGRD_AGEN_24,,,,,1,,1,,1,3
,TALLPPEGRD_AGEN_DIS,,,,,1,,,,,1
,TALLPPEGRD_AGEN_DIS_22,,,,,1,,,,,1
,TALLPPEGRD_AGEN_DIS_23,,,,,1,,,,,1
,TALLPPEGRD_AGEN_DIS_24,,,,,1,,,,,1
,TALLPPEGRD_AGEN_NOTDIS,,,,,1,,,,,1
,TALLPPEGRD_AGEN_NOTDIS_22,,,,,1,,,,,1
,TALLPPEGRD_AGEN_NOTDIS_23,,,,,1,,,,,1
,TALLPPEGRD_AGEN_NOTDIS_24,,,,,1,,,,,1
,TALLPPEGRD_ALEV_1618,,,,,1,,1,,1,3
,TALLPPEGRD_ALEV_1618_22,,,,,1,,1,,1,3
,TALLPPEGRD_ALEV_1618_23,,,,,1,,1,,1,3
,TALLPPEGRD_ALEV_1618_24,,,,,1,,1,,1,3
,TALLPPEGRD_ALEV_DIS,,,,,1,,,,,1
,TALLPPEGRD_ALEV_DIS_22,,,,,1,,,,,1
,TALLPPEGRD_ALEV_DIS_23,,,,,1,,,,,1
,TALLPPEGRD_ALEV_DIS_24,,,,,1,,,,,1
,TALLPPEGRD_ALEV_NOTDIS,,,,,1,,,,,1
,TALLPPEGRD_ALEV_NOTDIS_22,,,,,1,,,,,1
,TALLPPEGRD_ALEV_NOTDIS_23,,,,,1,,,,,1
,TALLPPEGRD_ALEV_NOTDIS_24,,,,,1,,,,,1
,TALLPPEGRD_TECHCERT,,,,,1,,1,,1,3
,TALLPPEGRD_TECHCERT_22,,,,,1,,1,,1,3
,TALLPPEGRD_TECHCERT_23,,,,,1,,1,,1,3
,TALLPPEGRD_TECHCERT_24,,,,,1,,1,,1,3
,TALLPPEGRD_TECHCERT_DIS,,,,,1,,,,,1
,TALLPPEGRD_TECHCERT_DIS_22,,,,,1,,,,,1
,TALLPPEGRD_TECHCERT_DIS_23,,,,,1,,,,,1
,TALLPPEGRD_TECHCERT_DIS_24,,,,,1,,,,,1
,TALLPPEGRD_TECHCERT_NOTDIS,,,,,1,,,,,1
,TALLPPEGRD_TECHCERT_NOTDIS_22,,,,,1,,,,,1
,TALLPPEGRD_TECHCERT_NOTDIS_23,,,,,1,,,,,1
,TALLPPEGRD_TECHCERT_NOTDIS_24,,,,,1,,,,,1
,TALLPPEGRD_TLEV,,,,,1,,1,,1,3
,TALLPPEGRD_TLEV_22,,,,,1,,1,,1,3
,TALLPPEGRD_TLEV_23,,,,,1,,1,,1,3
,TALLPPEGRD_TLEV_24,,,,,1,,1,,1,3
,TALLPPEGRD_TLEV_DIS,,,,,1,,,,,1
,TALLPPEGRD_TLEV_DIS_22,,,,,1,,,,,1
,TALLPPEGRD_TLEV_DIS_23,,,,,1,,,,,1
,TALLPPEGRD_TLEV_DIS_24,,,,,1,,,,,1
,TALLPPEGRD_TLEV_NOTDIS,,,,,1,,,,,1
,TALLPPEGRD_TLEV_NOTDIS_22,,,,,1,,,,,1
,TALLPPEGRD_TLEV_NOTDIS_23,,,,,1,,,,,1
,TALLPPEGRD_TLEV_NOTDIS_24,,,,,1,,,,,1
,TALLPUP_1618,,,,,1,,1,,1,3
,TALLPUP_1618_22,,,,,1,,1,,1,3
,TALLPUP_1618_23,,,,,1,,1,,1,3
,TALLPUP_1618_24,,,,,1,,1,,1,3
,TALLPUP_1618_DIS,,,,,1,,,,,1
,TALLPUP_1618_DIS_22,,,,,1,,,,,1
,TALLPUP_1618_DIS_23,,,,,1,,,,,1
,TALLPUP_1618_DIS_24,,,,,1,,,,,1
,TALLPUP_1618_NOTDIS,,,,,1,,,,,1
,TALLPUP_1618_NOTDIS_22,,,,,1,,,,,1
,TALLPUP_1618_NOTDIS_23,,,,,1,,,,,1
,TALLPUP_1618_NOTDIS_24,,,,,1,,,,,1
,TALLPUP_ACAD_1618,,,,,1,,1,,1,3
,TALLPUP_ACAD_1618_22,,,,,1,,1,,1,3
,TALLPUP_ACAD_1618_23,,,,,1,,1,,1,3
,TALLPUP_ACAD_1618_24,,,,,1,,1,,1,3
,TALLPUP_ACAD_1618_DIS,,,,,1,,,,,1
,TALLPUP_ACAD_1618_DIS_22,,,,,1,,,,,1
,TALLPUP_ACAD_1618_DIS_23,,,,,1,,,,,1
,TALLPUP_ACAD_1618_DIS_24,,,,,1,,,,,1
,TALLPUP_ACAD_1618_NOTDIS,,,,,1,,,,,1
,TALLPUP_ACAD_1618_NOTDIS_22,,,,,1,,,,,1
,TALLPUP_ACAD_1618_NOTDIS_23,,,,,1,,,,,1
,TALLPUP_ACAD_1618_NOTDIS_24,,,,,1,,,,,1
,TALLPUP_AGEN,,,,,1,,1,,1,3
,TALLPUP_AGEN_22,,,,,1,,1,,1,3
,TALLPUP_AGEN_23,,,,,1,,1,,1,3
,TALLPUP_AGEN_24,,,,,1,,1,,1,3
,TALLPUP_AGEN_DIS,,,,,1,,,,,1
,TALLPUP_AGEN_DIS_22,,,,,1,,,,,1
,TALLPUP_AGEN_DIS_23,,,,,1,,,,,1
,TALLPUP_AGEN_DIS_24,,,,,1,,,,,1
,TALLPUP_AGEN_NOTDIS,,,,,1,,,,,1
,TALLPUP_AGEN_NOTDIS_22,,,,,1,,,,,1
,TALLPUP_AGEN_NOTDIS_23,,,,,1,,,,,1
,TALLPUP_AGEN_NOTDIS_24,,,,,1,,,,,1
,TALLPUP_AGENDENOM,,,,,1,,1,,1,3
,TALLPUP_ALEV_1618,,,,,1,,1,,1,3
,TALLPUP_ALEV_1618_22,,,,,1,,1,,1,3
,TALLPUP_ALEV_1618_23,,,,,1,,1,,1,3
,TALLPUP_ALEV_1618_24,,,,,1,,1,,1,3
,TALLPUP_ALEV_1618_DIS,,,,,1,,,,,1
,TALLPUP_ALEV_1618_DIS_22,,,,,1,,,,,1
,TALLPUP_ALEV_1618_DIS_23,,,,,1,,,,,1
,TALLPUP_ALEV_1618_DIS_24,,,,,1,,,,,1
,TALLPUP_ALEV_1618_NOTDIS,,,,,1,,,,,1
,TALLPUP_ALEV_1618_NOTDIS_22,,,,,1,,,,,1
,TALLPUP_ALEV_1618_NOTDIS_23,,,,,1,,,,,1
,TALLPUP_ALEV_1618_NOTDIS_24,,,,,1,,,,,1
,TALLPUP_ANYL2VOC,,,,,1,,1,,1,3
,TALLPUP_SCOPE_L3M,,,,,1,,1,,1,3
,TALLPUP_TECHCERT,,,,,1,,1,,1,3
,TALLPUP_TECHCERT_22,,,,,1,,1,,1,3
,TALLPUP_TECHCERT_23,,,,,1,,1,,1,3
,TALLPUP_TECHCERT_24,,,,,1,,1,,1,3
,TALLPUP_TECHCERT_DIS,,,,,1,,,,,1
,TALLPUP_TECHCERT_DIS_22,,,,,1,,,,,1
,TALLPUP_TECHCERT_DIS_23,,,,,1,,,,,1
,TALLPUP_TECHCERT_DIS_24,,,,,1,,,,,1
,TALLPUP_TECHCERT_NOTDIS,,,,,1,,,,,1
,TALLPUP_TECHCERT_NOTDIS_22,,,,,1,,,,,1
,TALLPUP_TECHCERT_NOTDIS_23,,,,,1,,,,,1
,TALLPUP_TECHCERT_NOTDIS_24,,,,,1,,,,,1
,TALLPUP_TLEV,,,,,1,,1,,1,3
,TALLPUP_TLEV_22,,,,,1,,1,,1,3
,TALLPUP_TLEV_23,,,,,1,,1,,1,3
,TALLPUP_TLEV_24,,,,,1,,1,,1,3
,TALLPUP_TLEV_DIS,,,,,1,,,,,1
,TALLPUP_TLEV_DIS_22,,,,,1,,,,,1
,TALLPUP_TLEV_DIS_23,,,,,1,,,,,1
,TALLPUP_TLEV_DIS_24,,,,,1,,,,,1
,TALLPUP_TLEV_NOTDIS,,,,,1,,,,,1
,TALLPUP_TLEV_NOTDIS_22,,,,,1,,,,,1
,TALLPUP_TLEV_NOTDIS_23,,,,,1,,,,,1
,TALLPUP_TLEV_NOTDIS_24,,,,,1,,,,,1
,TALLPUP_TLEVDENOM,,,,,1,,1,,1,3
,TB3PTSE,,,,,1,,1,,1,3
,TB3PTSE_GRD,,,,,1,,1,,1,3
,TECHCERT_PER,,,,,1,,1,,1,3
,TELNUM,,,,,1,,1,,1,3
,TINCLUDE_AAB_2FAC,,,,,1,,1,,1,3
,TINCLUDE_B3,,,,,1,,1,,1,3
,TLEV_PER,,,,,1,,1,,1,3
,TOWN,,,,,1,,1,,1,3
,TPUP1618,,,,,1,,1,,1,3
,UCI_INS_ACAD,,,,,1,,1,,1,3
,UCI_INS_ACAD_22,,,,,1,,1,,1,3
,UCI_INS_ACAD_23,,,,,1,,1,,1,3
,UCI_INS_ACAD_24,,,,,1,,1,,1,3
,UCI_INS_ACAD_DIS,,,,,1,,,,,1
,UCI_INS_ACAD_DIS_22,,,,,1,,1,,1,3
,UCI_INS_ACAD_DIS_23,,,,,1,,1,,1,3
,UCI_INS_ACAD_DIS_24,,,,,1,,,,,1
,UCI_INS_ACAD_NOTDIS,,,,,1,,,,,1
,UCI_INS_ACAD_NOTDIS_22,,,,,1,,1,,1,3
,UCI_INS_ACAD_NOTDIS_23,,,,,1,,1,,1,3
,UCI_INS_ACAD_NOTDIS_24,,,,,1,,,,,1
,UCI_INS_AGEN,,,,,1,,1,,1,3
,UCI_INS_AGEN_22,,,,,1,,1,,1,3
,UCI_INS_AGEN_23,,,,,1,,1,,1,3
,UCI_INS_AGEN_24,,,,,1,,1,,1,3
,UCI_INS_AGEN_DIS,,,,,1,,,,,1
,UCI_INS_AGEN_DIS_22,,,,,1,,1,,1,3
,UCI_INS_AGEN_DIS_23,,,,,1,,1,,1,3
,UCI_INS_AGEN_DIS_24,,,,,1,,,,,1
,UCI_INS_AGEN_NOTDIS,,,,,1,,,,,1
,UCI_INS_AGEN_NOTDIS_22,,,,,1,,1,,1,3
,UCI_INS_AGEN_NOTDIS_23,,,,,1,,1,,1,3
,UCI_INS_AGEN_NOTDIS_24,,,,,1,,,,,1
,UCI_INS_ALEV,,,,,1,,1,,1,3
,UCI_INS_ALEV_22,,,,,1,,1,,1,3
,UCI_INS_ALEV_23,,,,,1,,1,,1,3
,UCI_INS_ALEV_24,,,,,1,,1,,1,3
,UCI_INS_ALEV_DIS,,,,,1,,,,,1
,UCI_INS_ALEV_DIS_22,,,,,1,,1,,1,3
,UCI_INS_ALEV_DIS_23,,,,,1,,1,,1,3
,UCI_INS_ALEV_DIS_24,,,,,1,,,,,1
,UCI_INS_ALEV_NOTDIS,,,,,1,,,,,1
,UCI_INS_ALEV_NOTDIS_22,,,,,1,,1,,1,3
,UCI_INS_ALEV_NOTDIS_23,,,,,1,,1,,1,3
,UCI_INS_ALEV_NOTDIS_24,,,,,1,,,,,1
,UCI_INS_TECHCERT,,,,,1,,1,,1,3
,UCI_INS_TECHCERT_DIS,,,,,1,,,,,1
,UCI_INS_TECHCERT_NOTDIS,,,,,1,,,,,1
,UCI_INS_TLEV,,,,,1,,1,,1,3
,UCI_INS_TLEV_DIS,,,,,1,,,,,1
,UCI_INS_TLEV_NOTDIS,,,,,1,,,,,1
,URN,,,,,1,,1,,1,3
,VA_INS_ACAD,,,,,1,,1,,1,3
,VA_INS_ACAD_22,,,,,1,,1,,1,3
,VA_INS_ACAD_23,,,,,1,,1,,1,3
,VA_INS_ACAD_24,,,,,1,,1,,1,3
,VA_INS_ACAD_DIS,,,,,1,,,,,1
,VA_INS_ACAD_DIS_22,,,,,1,,1,,1,3
,VA_INS_ACAD_DIS_23,,,,,1,,1,,1,3
,VA_INS_ACAD_DIS_24,,,,,1,,,,,1
,VA_INS_ACAD_NOTDIS,,,,,1,,,,,1
,VA_INS_ACAD_NOTDIS_22,,,,,1,,1,,1,3
,VA_INS_ACAD_NOTDIS_23,,,,,1,,1,,1,3
,VA_INS_ACAD_NOTDIS_24,,,,,1,,,,,1
,VA_INS_AGEN,,,,,1,,1,,1,3
,VA_INS_AGEN_22,,,,,1,,1,,1,3
,VA_INS_AGEN_23,,,,,1,,1,,1,3
,VA_INS_AGEN_24,,,,,1,,1,,1,3
,VA_INS_AGEN_DIS,,,,,1,,,,,1
,VA_INS_AGEN_DIS_22,,,,,1,,1,,1,3
,VA_INS_AGEN_DIS_23,,,,,1,,1,,1,3
,VA_INS_AGEN_DIS_24,,,,,1,,,,,1
,VA_INS_AGEN_NOTDIS,,,,,1,,,,,1
,VA_INS_AGEN_NOTDIS_22,,,,,1,,1,,1,3
,VA_INS_AGEN_NOTDIS_23,,,,,1,,1,,1,3
,VA_INS_AGEN_NOTDIS_24,,,,,1,,,,,1
,VA_INS_ALEV,,,,,1,,1,,1,3
,VA_INS_ALEV_22,,,,,1,,1,,1,3
,VA_INS_ALEV_23,,,,,1,,1,,1,3
,VA_INS_ALEV_24,,,,,1,,1,,1,3
,VA_INS_ALEV_DIS,,,,,1,,,,,1
,VA_INS_ALEV_DIS_22,,,,,1,,1,,1,3
,VA_INS_ALEV_DIS_23,,,,,1,,1,,1,3
,VA_INS_ALEV_DIS_24,,,,,1,,,,,1
,VA_INS_ALEV_NOTDIS,,,,,1,,,,,1
,VA_INS_ALEV_NOTDIS_22,,,,,1,,1,,1,3
,VA_INS_ALEV_NOTDIS_23,,,,,1,,1,,1,3
,VA_INS_ALEV_NOTDIS_24,,,,,1,,,,,1
,VA_INS_TECHCERT,,,,,1,,1,,1,3
,VA_INS_TECHCERT_DIS,,,,,1,,,,,1
,VA_INS_TECHCERT_NOTDIS,,,,,1,,,,,1
,VA_INS_TLEV,,,,,1,,1,,1,3
,VA_INS_TLEV_DIS,,,,,1,,,,,1
,VA_INS_TLEV_NOTDIS,,,,,1,,,,,1
,YEAR,,,,,1,,1,,1,3
KS5_25 Total,,,,,,597,,263,,263,1123
KS5_STUDEST_25,ACADAGEN_COHORT,,,,,1,,,,,1
,ACADAGEN_PROGRESSED,,,,,1,,,,,1
,ALL_APPREN,,,,,1,,,,,1
,ALL_COHORT,,,,,1,,,,,1
,ALL_HE,,,,,1,,,,,1
,ALL_HTECH,,,,,1,,,,,1
,ALL_PROGRESSED,,,,,1,,,,,1
,ALL_TOP3RD,,,,,1,,,,,1
,DIS_APPREN,,,,,1,,,,,1
,DIS_HE,,,,,1,,,,,1
,DIS_HTECH,,,,,1,,,,,1
,DIS_PROGRESSED,,,,,1,,,,,1
,DIS_TOP3RD,,,,,1,,,,,1
,EDITION,,,,,1,,,,,1
,ESTAB,,,,,1,,,,,1
,FEEDER,,,,,1,,,,,1
,ICLOSE,,,,,1,,,,,1
,L3_APPREN,,,,,1,,,,,1
,L3_APPREN_DIS,,,,,1,,,,,1
,L3_APPREN_NONDIS,,,,,1,,,,,1
,L3_APPRENPER,,,,,1,,,,,1
,L3_APPRENPER_DIS,,,,,1,,,,,1
,L3_APPRENPER_NONDIS,,,,,1,,,,,1
,L3_COHORT,,,,,1,,,,,1
,L3_COHORT_DIS,,,,,1,,,,,1
,L3_COHORT_NONDIS,,,,,1,,,,,1
,L3_EDUCATION,,,,,1,,,,,1
,L3_EDUCATION_DIS,,,,,1,,,,,1
,L3_EDUCATION_NONDIS,,,,,1,,,,,1
,L3_EDUCATIONPER,,,,,1,,,,,1
,L3_EDUCATIONPER_DIS,,,,,1,,,,,1
,L3_EDUCATIONPER_NONDIS,,,,,1,,,,,1
,L3_EMPLOYMENT,,,,,1,,,,,1
,L3_EMPLOYMENT_DIS,,,,,1,,,,,1
,L3_EMPLOYMENT_NONDIS,,,,,1,,,,,1
,L3_EMPLOYMENTPER,,,,,1,,,,,1
,L3_EMPLOYMENTPER_DIS,,,,,1,,,,,1
,L3_EMPLOYMENTPER_NONDIS,,,,,1,,,,,1
,L3_FE,,,,,1,,,,,1
,L3_FE_DIS,,,,,1,,,,,1
,L3_FE_NONDIS,,,,,1,,,,,1
,L3_FEPER,,,,,1,,,,,1
,L3_FEPER_DIS,,,,,1,,,,,1
,L3_FEPER_NONDIS,,,,,1,,,,,1
,L3_HE,,,,,1,,,,,1
,L3_HE_DIS,,,,,1,,,,,1
,L3_HE_NONDIS,,,,,1,,,,,1
,L3_HEPER,,,,,1,,,,,1
,L3_HEPER_DIS,,,,,1,,,,,1
,L3_HEPER_NONDIS,,,,,1,,,,,1
,L3_NOT_CAPTURED,,,,,1,,,,,1
,L3_NOT_CAPTURED_DIS,,,,,1,,,,,1
,L3_NOT_CAPTURED_NONDIS,,,,,1,,,,,1
,L3_NOT_CAPTUREDPER,,,,,1,,,,,1
,L3_NOT_CAPTUREDPER_DIS,,,,,1,,,,,1
,L3_NOT_CAPTUREDPER_NONDIS,,,,,1,,,,,1
,L3_NOT_SUSTAINED,,,,,1,,,,,1
,L3_NOT_SUSTAINED_DIS,,,,,1,,,,,1
,L3_NOT_SUSTAINED_NONDIS,,,,,1,,,,,1
,L3_NOT_SUSTAINEDPER,,,,,1,,,,,1
,L3_NOT_SUSTAINEDPER_DIS,,,,,1,,,,,1
,L3_NOT_SUSTAINEDPER_NONDIS,,,,,1,,,,,1
,L3_OTHER_EDU,,,,,1,,,,,1
,L3_OTHER_EDU_DIS,,,,,1,,,,,1
,L3_OTHER_EDU_NONDIS,,,,,1,,,,,1
,L3_OTHER_EDUPER,,,,,1,,,,,1
,L3_OTHER_EDUPER_DIS,,,,,1,,,,,1
,L3_OTHER_EDUPER_NONDIS,,,,,1,,,,,1
,L3_OVERALL,,,,,1,,,,,1
,L3_OVERALL_DIS,,,,,1,,,,,1
,L3_OVERALL_NONDIS,,,,,1,,,,,1
,L3_OVERALLPER,,,,,1,,,,,1
,L3_OVERALLPER_DIS,,,,,1,,,,,1
,L3_OVERALLPER_NONDIS,,,,,1,,,,,1
,LEA,,,,,1,,,,,1
,NFTYPE,,,,,1,,,,,1
,OTHER_COHORT,,,,,1,,,,,1
,OTHER_PROGRESSED,,,,,1,,,,,1
,RECTYPE,,,,,1,,,,,1
,SCHNAME,,,,,1,,,,,1
,TLEV_COHORT,,,,,1,,,,,1
,TLEV_PROGRESSED,,,,,1,,,,,1
,TOT_APPREN,,,,,1,,,,,1
,TOT_APPREN_DIS,,,,,1,,,,,1
,TOT_APPREN_NONDIS,,,,,1,,,,,1
,TOT_APPRENPER,,,,,1,,,,,1
,TOT_APPRENPER_DIS,,,,,1,,,,,1
,TOT_APPRENPER_NONDIS,,,,,1,,,,,1
,TOT_COHORT,,,,,1,,,,,1
,TOT_COHORT_DIS,,,,,1,,,,,1
,TOT_COHORT_NONDIS,,,,,1,,,,,1
,TOT_EDUCATION,,,,,1,,,,,1
,TOT_EDUCATION_DIS,,,,,1,,,,,1
,TOT_EDUCATION_NONDIS,,,,,1,,,,,1
,TOT_EDUCATIONPER,,,,,1,,,,,1
,TOT_EDUCATIONPER_DIS,,,,,1,,,,,1
,TOT_EDUCATIONPER_NONDIS,,,,,1,,,,,1
,TOT_EMPLOYMENT,,,,,1,,,,,1
,TOT_EMPLOYMENT_DIS,,,,,1,,,,,1
,TOT_EMPLOYMENT_NONDIS,,,,,1,,,,,1
,TOT_EMPLOYMENTPER,,,,,1,,,,,1
,TOT_EMPLOYMENTPER_DIS,,,,,1,,,,,1
,TOT_EMPLOYMENTPER_NONDIS,,,,,1,,,,,1
,TOT_FE,,,,,1,,,,,1
,TOT_FE_DIS,,,,,1,,,,,1
,TOT_FE_NONDIS,,,,,1,,,,,1
,TOT_FEPER,,,,,1,,,,,1
,TOT_FEPER_DIS,,,,,1,,,,,1
,TOT_FEPER_NONDIS,,,,,1,,,,,1
,TOT_HE,,,,,1,,,,,1
,TOT_HE_DIS,,,,,1,,,,,1
,TOT_HE_NONDIS,,,,,1,,,,,1
,TOT_HEPER,,,,,1,,,,,1
,TOT_HEPER_DIS,,,,,1,,,,,1
,TOT_HEPER_NONDIS,,,,,1,,,,,1
,TOT_NOT_CAPTURED,,,,,1,,,,,1
,TOT_NOT_CAPTURED_DIS,,,,,1,,,,,1
,TOT_NOT_CAPTURED_NONDIS,,,,,1,,,,,1
,TOT_NOT_CAPTUREDPER,,,,,1,,,,,1
,TOT_NOT_CAPTUREDPER_DIS,,,,,1,,,,,1
,TOT_NOT_CAPTUREDPER_NONDIS,,,,,1,,,,,1
,TOT_NOT_SUSTAINED,,,,,1,,,,,1
,TOT_NOT_SUSTAINED_DIS,,,,,1,,,,,1
,TOT_NOT_SUSTAINED_NONDIS,,,,,1,,,,,1
,TOT_NOT_SUSTAINEDPER,,,,,1,,,,,1
,TOT_NOT_SUSTAINEDPER_DIS,,,,,1,,,,,1
,TOT_NOT_SUSTAINEDPER_NONDIS,,,,,1,,,,,1
,TOT_OTHER_EDU,,,,,1,,,,,1
,TOT_OTHER_EDU_DIS,,,,,1,,,,,1
,TOT_OTHER_EDU_NONDIS,,,,,1,,,,,1
,TOT_OTHER_EDUPER,,,,,1,,,,,1
,TOT_OTHER_EDUPER_DIS,,,,,1,,,,,1
,TOT_OTHER_EDUPER_NONDIS,,,,,1,,,,,1
,TOT_OVERALL,,,,,1,,,,,1
,TOT_OVERALL_DIS,,,,,1,,,,,1
,TOT_OVERALL_NONDIS,,,,,1,,,,,1
,TOT_OVERALLPER,,,,,1,,,,,1
,TOT_OVERALLPER_DIS,,,,,1,,,,,1
,TOT_OVERALLPER_NONDIS,,,,,1,,,,,1
,URN,,,,,1,,,,,1
KS5_STUDEST_25 Total,,,,,,140,,,,,140
L,ADDRESS3,,1,1,1,1,1,1,1,1,8
,ADMPOL,,,,,1,1,1,1,,4
,AGEHIGH,,1,1,1,1,1,1,1,1,8
,AGELOW,,1,1,1,1,1,1,1,1,8
,CLOSEDATE,,1,1,1,1,1,1,1,1,8
,ESTAB,,1,1,1,1,1,1,1,1,8
,GENDER,,1,1,1,1,1,1,1,1,8
,ISPOST16,,1,1,1,1,1,1,1,1,8
,ISPRIMARY,,1,1,1,1,1,1,1,1,8
,ISSECONDARY,,1,1,1,1,1,1,1,1,8
,LA,,1,1,1,1,1,1,1,1,8
,LAESTAB,,1,1,1,1,1,1,1,1,8
,LANAME,,1,1,1,1,1,1,1,1,8
,LOCALITY,,1,1,1,1,1,1,1,1,8
,MINORGROUP,,1,1,1,1,1,1,1,1,8
,OPENDATE,,1,1,1,1,1,1,1,1,8
,POSTCODE,,1,1,1,1,1,1,1,1,8
,RELCHAR,,1,1,1,1,1,1,1,1,8
,SCHNAME,,1,1,1,1,1,1,1,1,8
,SCHOOLTYPE,,1,1,1,1,1,1,1,1,8
,SCHSTATUS,,1,1,1,1,1,1,1,1,8
,STREET,,1,1,1,1,1,1,1,1,8
,TOWN,,1,1,1,1,1,1,1,1,8
,URN,,1,1,1,1,1,1,1,1,8
L Total,,,23,23,23,24,24,24,24,23,188
Namespace,Variable,7,,,,,,,,,7
Namespace Total,,7,,,,,,,,,7
Grand Total,,7,369,53,369,1156,419,584,46,583,3586